,Open,High,Low,Close,Adj Close,Volume
2021-12-27 09:30:00-05:00,37.16999816894531,37.45970153808594,35.529998779296875,36.97999954223633,36.97999954223633,17467289
2021-12-27 10:30:00-05:00,36.974998474121094,38.45000076293945,36.650001525878906,37.97999954223633,37.97999954223633,10708275
2021-12-27 11:30:00-05:00,37.96099853515625,38.810001373291016,37.79999923706055,38.38199996948242,38.38199996948242,5390427
2021-12-27 12:30:00-05:00,38.385799407958984,38.619300842285156,38.20000076293945,38.580101013183594,38.580101013183594,2363261
2021-12-27 13:30:00-05:00,38.580101013183594,39.1614990234375,38.279998779296875,39.055301666259766,39.055301666259766,3958379
2021-12-27 14:30:00-05:00,39.04999923706055,39.13999938964844,37.90999984741211,38.13999938964844,38.13999938964844,4472230
2021-12-27 15:30:00-05:00,38.13999938964844,38.70000076293945,38.060001373291016,38.630001068115234,38.630001068115234,3262178
2021-12-28 09:30:00-05:00,37.779998779296875,38.349998474121094,37.119998931884766,38.03499984741211,38.03499984741211,9719419
2021-12-28 10:30:00-05:00,38.040000915527344,38.21500015258789,37.0,37.22999954223633,37.22999954223633,5097979
2021-12-28 11:30:00-05:00,37.23830032348633,37.619998931884766,37.060001373291016,37.12049865722656,37.12049865722656,2822363
2021-12-28 12:30:00-05:00,37.13130187988281,37.220001220703125,36.88999938964844,37.06010055541992,37.06010055541992,3454619
2021-12-28 13:30:00-05:00,37.067298889160156,37.220001220703125,36.75,37.10169982910156,37.10169982910156,2622162
2021-12-28 14:30:00-05:00,37.11000061035156,37.349998474121094,36.8400993347168,37.22999954223633,37.22999954223633,2149612
2021-12-28 15:30:00-05:00,37.230098724365234,37.43000030517578,36.86000061035156,37.0,37.0,1999097
2021-12-29 09:30:00-05:00,36.724998474121094,36.97999954223633,35.86000061035156,36.060001373291016,36.060001373291016,9914985
2021-12-29 10:30:00-05:00,36.04999923706055,36.73099899291992,35.91999816894531,36.25,36.25,4462921
2021-12-29 11:30:00-05:00,36.2599983215332,36.71910095214844,36.16999816894531,36.65999984741211,36.65999984741211,2172184
2021-12-29 12:30:00-05:00,36.650001525878906,36.86980056762695,36.38050079345703,36.61000061035156,36.61000061035156,1887256
2021-12-29 13:30:00-05:00,36.59000015258789,36.970001220703125,36.47679901123047,36.91999816894531,36.91999816894531,1644407
2021-12-29 14:30:00-05:00,36.91999816894531,37.12799835205078,36.47999954223633,36.5099983215332,36.5099983215332,2561942
2021-12-29 15:30:00-05:00,36.52000045776367,36.97999954223633,36.5099983215332,36.970001220703125,36.970001220703125,1924407
2021-12-30 09:30:00-05:00,36.68000030517578,38.400001525878906,36.68000030517578,38.16999816894531,38.16999816894531,9501989
2021-12-30 10:30:00-05:00,38.18000030517578,39.349998474121094,38.17499923706055,39.310001373291016,39.310001373291016,6434854
2021-12-30 11:30:00-05:00,39.314998626708984,39.439998626708984,38.70000076293945,38.904998779296875,38.904998779296875,7352026
2021-12-30 12:30:00-05:00,38.91999816894531,39.4900016784668,38.90999984741211,39.22999954223633,39.22999954223633,3968355
2021-12-30 13:30:00-05:00,39.230098724365234,39.5,38.939998626708984,39.146400451660156,39.146400451660156,2724013
2021-12-30 14:30:00-05:00,39.150001525878906,39.41999816894531,38.810001373291016,39.03459930419922,39.03459930419922,2765033
2021-12-30 15:30:00-05:00,39.03630065917969,39.119998931884766,38.459999084472656,38.71080017089844,38.71080017089844,2441499
2021-12-31 09:30:00-05:00,38.2400016784668,39.79999923706055,38.099998474121094,38.935001373291016,38.935001373291016,7751441
2021-12-31 10:30:00-05:00,38.937400817871094,39.16849899291992,38.580101013183594,39.039798736572266,39.039798736572266,2882386
2021-12-31 11:30:00-05:00,39.02199935913086,39.13999938964844,38.76639938354492,38.880001068115234,38.880001068115234,1550272
2021-12-31 12:30:00-05:00,38.900001525878906,39.037601470947266,38.70000076293945,38.7400016784668,38.7400016784668,1345340
2021-12-31 13:30:00-05:00,38.72999954223633,38.880001068115234,38.39500045776367,38.45500183105469,38.45500183105469,1608739
2021-12-31 14:30:00-05:00,38.45000076293945,38.45500183105469,38.130001068115234,38.275001525878906,38.275001525878906,1683372
2021-12-31 15:30:00-05:00,38.279998779296875,38.310001373291016,37.849998474121094,38.04999923706055,38.04999923706055,2016618
2022-01-03 09:30:00-05:00,38.54999923706055,39.2400016784668,37.959999084472656,38.84189987182617,38.84189987182617,8493861
2022-01-03 10:30:00-05:00,38.84189987182617,40.5,38.7599983215332,39.849998474121094,39.849998474121094,10322176
2022-01-03 11:30:00-05:00,39.84000015258789,40.650001525878906,39.56999969482422,40.51319885253906,40.51319885253906,5603685
2022-01-03 12:30:00-05:00,40.5177001953125,41.09000015258789,40.36009979248047,40.88140106201172,40.88140106201172,5688215
2022-01-03 13:30:00-05:00,40.88100051879883,41.599998474121094,40.709999084472656,41.410099029541016,41.410099029541016,6017062
2022-01-03 14:30:00-05:00,41.40999984741211,41.7599983215332,41.029998779296875,41.23910140991211,41.23910140991211,5349205
2022-01-03 15:30:00-05:00,41.2400016784668,41.29999923706055,40.75,40.90999984741211,40.90999984741211,3140001
2022-01-04 09:30:00-05:00,40.75,41.290000915527344,39.560001373291016,40.17620086669922,40.17620086669922,10731485
2022-01-04 10:30:00-05:00,40.084999084472656,40.11000061035156,38.81999969482422,39.25,39.25,5898661
2022-01-04 11:30:00-05:00,39.27000045776367,39.470001220703125,38.7599983215332,39.303001403808594,39.303001403808594,3684696
2022-01-04 12:30:00-05:00,39.30039978027344,39.31990051269531,38.83000183105469,39.101200103759766,39.101200103759766,1921790
2022-01-04 13:30:00-05:00,39.099998474121094,39.099998474121094,38.380001068115234,38.79800033569336,38.79800033569336,2649258
2022-01-04 14:30:00-05:00,38.78390121459961,39.3849983215332,38.77000045776367,39.380001068115234,39.380001068115234,2364107
2022-01-04 15:30:00-05:00,39.380001068115234,39.72999954223633,39.2599983215332,39.40999984741211,39.40999984741211,2177026
2022-01-05 09:30:00-05:00,38.68000030517578,39.060001373291016,37.209999084472656,37.2400016784668,37.2400016784668,10631602
2022-01-05 10:30:00-05:00,37.2400016784668,37.290000915527344,36.709999084472656,37.28010177612305,37.28010177612305,8258967
2022-01-05 11:30:00-05:00,37.279998779296875,38.11000061035156,37.25,37.97999954223633,37.97999954223633,5197214
2022-01-05 12:30:00-05:00,37.98500061035156,38.040000915527344,37.15999984741211,37.28499984741211,37.28499984741211,3577145
2022-01-05 13:30:00-05:00,37.28499984741211,37.900001525878906,36.79999923706055,36.95000076293945,36.95000076293945,4091162
2022-01-05 14:30:00-05:00,36.97999954223633,37.279998779296875,36.130001068115234,36.25,36.25,6172001
2022-01-05 15:30:00-05:00,36.2400016784668,37.029998779296875,36.189998626708984,36.689998626708984,36.689998626708984,4528953
2022-01-06 09:30:00-05:00,36.5,36.5099983215332,33.7599983215332,34.810001373291016,34.810001373291016,20175908
2022-01-06 10:30:00-05:00,34.79999923706055,36.43000030517578,34.68000030517578,36.10089874267578,36.10089874267578,8219609
2022-01-06 11:30:00-05:00,36.090999603271484,37.71200180053711,35.88010025024414,37.64939880371094,37.64939880371094,9305023
2022-01-06 12:30:00-05:00,37.63290023803711,38.12990188598633,37.310001373291016,37.38999938964844,37.38999938964844,6481203
2022-01-06 13:30:00-05:00,37.38999938964844,38.220001220703125,37.38010025024414,38.11000061035156,38.11000061035156,4959311
2022-01-06 14:30:00-05:00,38.099998474121094,38.58000183105469,38.092498779296875,38.380001068115234,38.380001068115234,5188126
2022-01-06 15:30:00-05:00,38.400001525878906,38.404998779296875,37.834999084472656,38.220001220703125,38.220001220703125,3215390
2022-01-07 09:30:00-05:00,37.75,39.939998626708984,37.66999816894531,39.91999816894531,39.91999816894531,12973274
2022-01-07 10:30:00-05:00,39.90399932861328,40.20000076293945,38.394100189208984,40.122501373291016,40.122501373291016,10628884
2022-01-07 11:30:00-05:00,40.119998931884766,41.96630096435547,39.90999984741211,41.91999816894531,41.91999816894531,13214006
2022-01-07 12:30:00-05:00,41.900001525878906,43.28990173339844,41.56999969482422,41.9275016784668,41.9275016784668,20277584
2022-01-07 13:30:00-05:00,41.935001373291016,41.97999954223633,40.630001068115234,40.880001068115234,40.880001068115234,8506274
2022-01-07 14:30:00-05:00,40.87889862060547,42.0,40.849998474121094,41.16999816894531,41.16999816894531,6943163
2022-01-07 15:30:00-05:00,41.18000030517578,42.0,41.06999969482422,41.97999954223633,41.97999954223633,4582379
2022-01-10 09:30:00-05:00,41.0,43.0,40.77000045776367,42.18840026855469,42.18840026855469,15889742
2022-01-10 10:30:00-05:00,42.16999816894531,42.939998626708984,41.08000183105469,42.869998931884766,42.869998931884766,6869763
2022-01-10 11:30:00-05:00,42.869998931884766,43.169898986816406,41.900001525878906,42.08089828491211,42.08089828491211,5879950
2022-01-10 12:30:00-05:00,42.06999969482422,42.41999816894531,41.66999816894531,41.869998931884766,41.869998931884766,3799011
2022-01-10 13:30:00-05:00,41.88800048828125,42.33000183105469,41.68000030517578,42.04999923706055,42.04999923706055,2842001
2022-01-10 14:30:00-05:00,42.06800079345703,42.149898529052734,40.459999084472656,41.07529830932617,41.07529830932617,5401479
2022-01-10 15:30:00-05:00,41.070499420166016,41.79999923706055,40.83000183105469,41.720001220703125,41.720001220703125,2713501
2022-01-11 09:30:00-05:00,41.66999816894531,44.869998931884766,41.4900016784668,44.11009979248047,44.11009979248047,19086963
2022-01-11 10:30:00-05:00,44.130001068115234,44.48630142211914,43.119998931884766,43.97999954223633,43.97999954223633,9032943
2022-01-11 11:30:00-05:00,43.98899841308594,44.970001220703125,43.75,44.29100036621094,44.29100036621094,6673832
2022-01-11 12:30:00-05:00,44.310001373291016,45.22999954223633,43.91999816894531,44.34090042114258,44.34090042114258,8438646
2022-01-11 13:30:00-05:00,44.349998474121094,44.9900016784668,44.060001373291016,44.19540023803711,44.19540023803711,4127319
2022-01-11 14:30:00-05:00,44.18000030517578,45.45000076293945,44.08000183105469,44.95500183105469,44.95500183105469,7310690
2022-01-11 15:30:00-05:00,44.95000076293945,45.47999954223633,44.75,45.47999954223633,45.47999954223633,4547105
2022-01-12 09:30:00-05:00,45.7400016784668,47.59000015258789,45.61000061035156,46.33000183105469,46.33000183105469,18599696
2022-01-12 10:30:00-05:00,46.334999084472656,46.70000076293945,44.79999923706055,45.54999923706055,45.54999923706055,9105704
2022-01-12 11:30:00-05:00,45.529998779296875,45.65999984741211,45.029998779296875,45.12300109863281,45.12300109863281,3364775
2022-01-12 12:30:00-05:00,45.119998931884766,45.599998474121094,44.849998474121094,44.97999954223633,44.97999954223633,4329446
2022-01-12 13:30:00-05:00,44.98500061035156,45.149898529052734,44.029998779296875,44.81999969482422,44.81999969482422,5736515
2022-01-12 14:30:00-05:00,44.810001373291016,45.189998626708984,44.369998931884766,44.959999084472656,44.959999084472656,4595350
2022-01-12 15:30:00-05:00,44.96500015258789,45.43000030517578,44.720001220703125,45.43000030517578,45.43000030517578,3114927
2022-01-13 09:30:00-05:00,45.72999954223633,46.290000915527344,43.79999923706055,44.19499969482422,44.19499969482422,10669968
2022-01-13 10:30:00-05:00,44.18000030517578,44.5,43.650001525878906,44.43000030517578,44.43000030517578,5143058
2022-01-13 11:30:00-05:00,44.44990158081055,44.459999084472656,43.11000061035156,43.400001525878906,43.400001525878906,3862497
2022-01-13 12:30:00-05:00,43.400001525878906,43.470001220703125,42.52000045776367,43.119998931884766,43.119998931884766,4705724
2022-01-13 13:30:00-05:00,43.09000015258789,43.409400939941406,42.7400016784668,43.01179885864258,43.01179885864258,2718448
2022-01-13 14:30:00-05:00,43.01089859008789,43.099998474121094,42.225799560546875,42.380001068115234,42.380001068115234,3033785
2022-01-13 15:30:00-05:00,42.36000061035156,42.439998626708984,41.36000061035156,41.40999984741211,41.40999984741211,3862959
2022-01-14 09:30:00-05:00,40.974998474121094,42.369998931884766,40.95000076293945,41.599998474121094,41.599998474121094,9734236
2022-01-14 10:30:00-05:00,41.60499954223633,41.939998626708984,41.130001068115234,41.73899841308594,41.73899841308594,3542285
2022-01-14 11:30:00-05:00,41.77000045776367,42.329898834228516,41.470001220703125,41.790000915527344,41.790000915527344,3428346
2022-01-14 12:30:00-05:00,41.78499984741211,42.540000915527344,41.5099983215332,41.9900016784668,41.9900016784668,4770786
2022-01-14 13:30:00-05:00,41.9900016784668,43.399898529052734,41.959999084472656,42.349998474121094,42.349998474121094,5523945
2022-01-14 14:30:00-05:00,42.349998474121094,42.75,41.84000015258789,41.98780059814453,41.98780059814453,3352224
2022-01-14 15:30:00-05:00,41.9900016784668,42.25,41.939998626708984,42.22999954223633,42.22999954223633,1889066
2022-01-18 09:30:00-05:00,40.75,41.279998779296875,39.229801177978516,41.06999969482422,41.06999969482422,9598184
2022-01-18 10:30:00-05:00,41.060001373291016,41.099998474121094,40.11000061035156,40.16999816894531,40.16999816894531,3328723
2022-01-18 11:30:00-05:00,40.16999816894531,40.2400016784668,39.630001068115234,39.95009994506836,39.95009994506836,3176050
2022-01-18 12:30:00-05:00,39.951499938964844,40.060001373291016,39.709999084472656,40.05270004272461,40.05270004272461,1979792
2022-01-18 13:30:00-05:00,40.029998779296875,40.7599983215332,39.86000061035156,40.04499816894531,40.04499816894531,2968460
2022-01-18 14:30:00-05:00,40.040000915527344,40.49909973144531,39.45000076293945,39.47999954223633,39.47999954223633,3156952
2022-01-18 15:30:00-05:00,39.47999954223633,39.5,39.0,39.209999084472656,39.209999084472656,3985028
2022-01-19 09:30:00-05:00,39.47999954223633,42.18000030517578,39.439998626708984,41.432098388671875,41.432098388671875,13584333
2022-01-19 10:30:00-05:00,41.400001525878906,41.91999816894531,40.5,40.939998626708984,40.939998626708984,5962664
2022-01-19 11:30:00-05:00,40.930301666259766,42.439998626708984,40.279998779296875,41.9900016784668,41.9900016784668,4990054
2022-01-19 12:30:00-05:00,42.019901275634766,42.11989974975586,41.22999954223633,41.35559844970703,41.35559844970703,2668636
2022-01-19 13:30:00-05:00,41.359901428222656,41.58000183105469,40.68000030517578,40.70000076293945,40.70000076293945,3026540
2022-01-19 14:30:00-05:00,40.69169998168945,41.11000061035156,40.150001525878906,40.209999084472656,40.209999084472656,2969823
2022-01-19 15:30:00-05:00,40.209999084472656,40.29999923706055,39.97999954223633,40.0099983215332,40.0099983215332,3063049
2022-01-20 09:30:00-05:00,41.5099983215332,42.95000076293945,40.97999954223633,41.349998474121094,41.349998474121094,15314618
2022-01-20 10:30:00-05:00,41.34000015258789,42.59000015258789,41.33000183105469,41.529998779296875,41.529998779296875,6113580
2022-01-20 11:30:00-05:00,41.54159927368164,41.62900161743164,40.70000076293945,41.02920150756836,41.02920150756836,6299919
2022-01-20 12:30:00-05:00,41.029998779296875,41.21500015258789,40.18000030517578,40.5099983215332,40.5099983215332,3913984
2022-01-20 13:30:00-05:00,40.52000045776367,40.81999969482422,40.119998931884766,40.27000045776367,40.27000045776367,2931142
2022-01-20 14:30:00-05:00,40.27000045776367,40.45000076293945,39.40999984741211,39.630001068115234,39.630001068115234,4650686
2022-01-20 15:30:00-05:00,39.630001068115234,39.869998931884766,38.689998626708984,38.720001220703125,38.720001220703125,5382927
2022-01-21 09:30:00-05:00,38.93000030517578,39.97999954223633,37.185001373291016,38.220001220703125,38.220001220703125,11542935
2022-01-21 10:30:00-05:00,38.22999954223633,39.84000015258789,38.11009979248047,39.622100830078125,39.622100830078125,7092644
2022-01-21 11:30:00-05:00,39.61000061035156,39.61000061035156,37.720001220703125,37.9900016784668,37.9900016784668,4943737
2022-01-21 12:30:00-05:00,37.95000076293945,38.189998626708984,37.599998474121094,37.90999984741211,37.90999984741211,2899925
2022-01-21 13:30:00-05:00,37.900001525878906,38.2400016784668,37.744998931884766,37.77009963989258,37.77009963989258,2646115
2022-01-21 14:30:00-05:00,37.77000045776367,38.249900817871094,37.599998474121094,38.0,38.0,3403349
2022-01-21 15:30:00-05:00,37.97999954223633,38.22999954223633,37.75,37.75,37.75,4435393
2022-01-24 09:30:00-05:00,36.13999938964844,37.849998474121094,34.65999984741211,35.40999984741211,35.40999984741211,18729814
2022-01-24 10:30:00-05:00,35.41189956665039,36.540000915527344,35.31999969482422,36.023799896240234,36.023799896240234,5453814
2022-01-24 11:30:00-05:00,36.0099983215332,36.099998474121094,34.119998931884766,34.9099006652832,34.9099006652832,5545761
2022-01-24 12:30:00-05:00,34.89929962158203,36.36000061035156,34.369998931884766,35.790000915527344,35.790000915527344,4681102
2022-01-24 13:30:00-05:00,35.79029846191406,37.324798583984375,35.79029846191406,36.38999938964844,36.38999938964844,3775702
2022-01-24 14:30:00-05:00,36.36000061035156,37.779998779296875,35.93000030517578,37.525001525878906,37.525001525878906,3650709
2022-01-24 15:30:00-05:00,37.5,37.880001068115234,37.24039840698242,37.7400016784668,37.7400016784668,2433384
2022-01-25 09:30:00-05:00,36.630001068115234,37.54999923706055,36.25,36.83000183105469,36.83000183105469,6416986
2022-01-25 10:30:00-05:00,36.83649826049805,36.939998626708984,35.880001068115234,36.20000076293945,36.20000076293945,4056844
2022-01-25 11:30:00-05:00,36.15999984741211,36.16999816894531,35.220001220703125,35.68000030517578,35.68000030517578,3608881
2022-01-25 12:30:00-05:00,35.68000030517578,36.43000030517578,35.439998626708984,36.310001373291016,36.310001373291016,3186225
2022-01-25 13:30:00-05:00,36.29999923706055,36.86000061035156,36.130001068115234,36.810001373291016,36.810001373291016,2617766
2022-01-25 14:30:00-05:00,36.81999969482422,36.939998626708984,35.79999923706055,35.84000015258789,35.84000015258789,2914219
2022-01-25 15:30:00-05:00,35.849998474121094,36.0,35.290000915527344,35.43000030517578,35.43000030517578,2634416
2022-01-26 09:30:00-05:00,36.290000915527344,36.880001068115234,35.20000076293945,35.29280090332031,35.29280090332031,11835734
2022-01-26 10:30:00-05:00,35.29330062866211,35.310001373291016,34.400001525878906,34.970001220703125,34.970001220703125,7201391
2022-01-26 11:30:00-05:00,34.981998443603516,35.5,34.72999954223633,35.18109893798828,35.18109893798828,3597596
2022-01-26 12:30:00-05:00,35.19990158081055,35.52000045776367,34.70000076293945,34.97999954223633,34.97999954223633,5577400
2022-01-26 13:30:00-05:00,34.970001220703125,35.599998474121094,34.63999938964844,35.17499923706055,35.17499923706055,6238573
2022-01-26 14:30:00-05:00,35.15999984741211,35.39979934692383,33.0,33.849998474121094,33.849998474121094,9346856
2022-01-26 15:30:00-05:00,33.810001373291016,34.02000045776367,32.9900016784668,33.470001220703125,33.470001220703125,4730617
2022-01-27 09:30:00-05:00,33.209999084472656,33.33000183105469,30.0,30.229999542236328,30.229999542236328,22997042
2022-01-27 10:30:00-05:00,30.22949981689453,30.790000915527344,29.360000610351562,30.28660011291504,30.28660011291504,12991708
2022-01-27 11:30:00-05:00,30.290000915527344,30.8799991607666,29.700000762939453,29.75,29.75,5528256
2022-01-27 12:30:00-05:00,29.739999771118164,30.170000076293945,28.899999618530273,28.899999618530273,28.899999618530273,6418760
2022-01-27 13:30:00-05:00,28.91830062866211,29.639999389648438,28.799999237060547,28.90999984741211,28.90999984741211,7177392
2022-01-27 14:30:00-05:00,28.905000686645508,29.0,28.389999389648438,28.760000228881836,28.760000228881836,6582530
2022-01-27 15:30:00-05:00,28.758399963378906,29.06999969482422,28.5,28.690000534057617,28.690000534057617,4214877
2022-01-28 09:30:00-05:00,27.190000534057617,28.05940055847168,25.632699966430664,26.139999389648438,26.139999389648438,27445687
2022-01-28 10:30:00-05:00,26.145200729370117,28.429899215698242,26.1200008392334,27.639999389648438,27.639999389648438,12908928
2022-01-28 11:30:00-05:00,27.649999618530273,27.739900588989258,26.704299926757812,26.985000610351562,26.985000610351562,6851924
2022-01-28 12:30:00-05:00,26.979999542236328,27.351699829101562,26.65999984741211,26.674999237060547,26.674999237060547,4591638
2022-01-28 13:30:00-05:00,26.68000030517578,27.200000762939453,26.149999618530273,26.30780029296875,26.30780029296875,4909608
2022-01-28 14:30:00-05:00,26.29990005493164,26.75,26.15999984741211,26.520000457763672,26.520000457763672,4137410
2022-01-28 15:30:00-05:00,26.510000228881836,27.149999618530273,26.360000610351562,27.149999618530273,27.149999618530273,4525878
2022-01-31 09:30:00-05:00,28.114999771118164,28.950000762939453,27.420000076293945,28.560100555419922,28.560100555419922,13398891
2022-01-31 10:30:00-05:00,28.56999969482422,29.200000762939453,28.550500869750977,28.770000457763672,28.770000457763672,6807576
2022-01-31 11:30:00-05:00,28.788000106811523,29.459999084472656,28.75,28.93000030517578,28.93000030517578,5017298
2022-01-31 12:30:00-05:00,28.93000030517578,29.479999542236328,28.850000381469727,28.937000274658203,28.937000274658203,3206334
2022-01-31 13:30:00-05:00,28.939899444580078,29.110000610351562,28.600000381469727,28.85580062866211,28.85580062866211,3297056
2022-01-31 14:30:00-05:00,28.850000381469727,29.209999084472656,28.3799991607666,28.700000762939453,28.700000762939453,4583650
2022-01-31 15:30:00-05:00,28.694900512695312,29.420000076293945,28.670000076293945,29.389999389648438,29.389999389648438,4173171
2022-02-01 09:30:00-05:00,30.524999618530273,30.850000381469727,28.6200008392334,29.416000366210938,29.416000366210938,14863923
2022-02-01 10:30:00-05:00,29.43000030517578,30.25,29.1299991607666,30.1200008392334,30.1200008392334,6791300
2022-02-01 11:30:00-05:00,30.110000610351562,30.469999313354492,29.729999542236328,29.82550048828125,29.82550048828125,4919465
2022-02-01 12:30:00-05:00,29.809999465942383,29.898300170898438,29.43000030517578,29.704999923706055,29.704999923706055,2863961
2022-02-01 13:30:00-05:00,29.70989990234375,29.70989990234375,28.969999313354492,29.040000915527344,29.040000915527344,3088855
2022-02-01 14:30:00-05:00,29.053699493408203,29.719200134277344,29.049999237060547,29.579999923706055,29.579999923706055,2900541
2022-02-01 15:30:00-05:00,29.579999923706055,30.049999237060547,29.540000915527344,29.959999084472656,29.959999084472656,2510815
2022-02-02 09:30:00-05:00,29.225000381469727,29.959999084472656,28.699100494384766,28.763599395751953,28.763599395751953,8743853
2022-02-02 10:30:00-05:00,28.76889991760254,28.899999618530273,27.739999771118164,27.989900588989258,27.989900588989258,6239054
2022-02-02 11:30:00-05:00,27.979999542236328,28.075000762939453,27.510000228881836,27.825000762939453,27.825000762939453,4968866
2022-02-02 12:30:00-05:00,27.825000762939453,28.239999771118164,27.661300659179688,27.989999771118164,27.989999771118164,3395015
2022-02-02 13:30:00-05:00,27.979999542236328,28.15999984741211,27.639999389648438,27.73699951171875,27.73699951171875,3038312
2022-02-02 14:30:00-05:00,27.739999771118164,27.93000030517578,27.530000686645508,27.600000381469727,27.600000381469727,3885302
2022-02-02 15:30:00-05:00,27.600000381469727,27.729999542236328,27.399999618530273,27.68000030517578,27.68000030517578,3512462
2022-02-03 09:30:00-05:00,26.5,28.59000015258789,26.290000915527344,28.15089988708496,28.15089988708496,11292120
2022-02-03 10:30:00-05:00,28.149999618530273,28.329999923706055,27.469999313354492,27.799999237060547,27.799999237060547,4784184
2022-02-03 11:30:00-05:00,27.799999237060547,27.8799991607666,27.3799991607666,27.559999465942383,27.559999465942383,2274307
2022-02-03 12:30:00-05:00,27.55500030517578,27.829999923706055,27.43000030517578,27.799999237060547,27.799999237060547,1930904
2022-02-03 13:30:00-05:00,27.790000915527344,28.100000381469727,27.59000015258789,27.6200008392334,27.6200008392334,2452930
2022-02-03 14:30:00-05:00,27.610000610351562,27.610000610351562,27.15999984741211,27.200000762939453,27.200000762939453,2672544
2022-02-03 15:30:00-05:00,27.190000534057617,27.190000534057617,26.940000534057617,26.979999542236328,26.979999542236328,2862390
2022-02-04 09:30:00-05:00,26.979999542236328,27.549999237060547,26.209999084472656,27.299999237060547,27.299999237060547,6450553
2022-02-04 10:30:00-05:00,27.299999237060547,27.389999389648438,26.520000457763672,26.700000762939453,26.700000762939453,3241351
2022-02-04 11:30:00-05:00,26.690000534057617,27.08679962158203,26.6200008392334,26.968700408935547,26.968700408935547,2297283
2022-02-04 12:30:00-05:00,26.979999542236328,27.68000030517578,26.829999923706055,27.6200008392334,27.6200008392334,2491624
2022-02-04 13:30:00-05:00,27.6200008392334,27.729999542236328,27.43000030517578,27.67930030822754,27.67930030822754,1744779
2022-02-04 14:30:00-05:00,27.679899215698242,27.850000381469727,27.600000381469727,27.65999984741211,27.65999984741211,1615600
2022-02-04 15:30:00-05:00,27.68000030517578,27.790000915527344,27.510000228881836,27.540000915527344,27.540000915527344,1418588
2022-02-07 09:30:00-05:00,27.360000610351562,28.329999923706055,27.1200008392334,27.22100067138672,27.22100067138672,7096908
2022-02-07 10:30:00-05:00,27.219999313354492,27.34000015258789,26.84000015258789,26.989999771118164,26.989999771118164,4012217
2022-02-07 11:30:00-05:00,26.98150062561035,27.030000686645508,26.399999618530273,26.614999771118164,26.614999771118164,3513465
2022-02-07 12:30:00-05:00,26.600000381469727,26.928300857543945,26.5,26.815000534057617,26.815000534057617,1582671
2022-02-07 13:30:00-05:00,26.809999465942383,27.010000228881836,26.600000381469727,27.0,27.0,1642599
2022-02-07 14:30:00-05:00,27.008899688720703,27.280000686645508,26.860000610351562,26.98940086364746,26.98940086364746,2187963
2022-02-07 15:30:00-05:00,26.989999771118164,27.125,26.82539939880371,26.969999313354492,26.969999313354492,1882244
2022-02-08 09:30:00-05:00,26.799999237060547,26.889999389648438,25.889999389648438,26.049999237060547,26.049999237060547,6388295
2022-02-08 10:30:00-05:00,26.049999237060547,27.239999771118164,26.03070068359375,27.114999771118164,27.114999771118164,3292483
2022-02-08 11:30:00-05:00,27.110000610351562,27.530000686645508,27.062599182128906,27.520000457763672,27.520000457763672,2942092
2022-02-08 12:30:00-05:00,27.528200149536133,27.6299991607666,27.190000534057617,27.250200271606445,27.250200271606445,1726609
2022-02-08 13:30:00-05:00,27.251800537109375,27.391399383544922,27.0,27.024999618530273,27.024999618530273,1119339
2022-02-08 14:30:00-05:00,27.030000686645508,27.25,26.881000518798828,27.174999237060547,27.174999237060547,1451084
2022-02-08 15:30:00-05:00,27.190000534057617,27.579999923706055,27.190000534057617,27.399999618530273,27.399999618530273,1532604
2022-02-09 09:30:00-05:00,27.770000457763672,28.700000762939453,27.59000015258789,28.260000228881836,28.260000228881836,6792949
2022-02-09 10:30:00-05:00,28.270000457763672,28.940000534057617,28.139999389648438,28.649999618530273,28.649999618530273,4572529
2022-02-09 11:30:00-05:00,28.649999618530273,28.670000076293945,28.030000686645508,28.08989906311035,28.08989906311035,2177293
2022-02-09 12:30:00-05:00,28.08799934387207,28.600000381469727,28.030099868774414,28.579999923706055,28.579999923706055,1669678
2022-02-09 13:30:00-05:00,28.5762996673584,28.639999389648438,28.290000915527344,28.568500518798828,28.568500518798828,1255502
2022-02-09 14:30:00-05:00,28.568300247192383,28.579999923706055,28.200000762939453,28.40999984741211,28.40999984741211,1705639
2022-02-09 15:30:00-05:00,28.40999984741211,28.829999923706055,28.399999618530273,28.829999923706055,28.829999923706055,2434915
2022-02-10 09:30:00-05:00,27.649999618530273,29.020000457763672,27.440000534057617,28.600000381469727,28.600000381469727,8037688
2022-02-10 10:30:00-05:00,28.61989974975586,29.260000228881836,28.540000915527344,28.770000457763672,28.770000457763672,4188555
2022-02-10 11:30:00-05:00,28.760000228881836,29.290000915527344,28.459999084472656,29.219999313354492,29.219999313354492,2835689
2022-02-10 12:30:00-05:00,29.209999084472656,29.399999618530273,28.479999542236328,28.489999771118164,28.489999771118164,2608922
2022-02-10 13:30:00-05:00,28.476499557495117,28.700000762939453,28.18000030517578,28.350000381469727,28.350000381469727,1792466
2022-02-10 14:30:00-05:00,28.360000610351562,28.530000686645508,27.979999542236328,28.020000457763672,28.020000457763672,1722728
2022-02-10 15:30:00-05:00,28.010000228881836,28.020000457763672,27.649999618530273,27.90999984741211,27.90999984741211,2301915
2022-02-11 09:30:00-05:00,27.524999618530273,28.200000762939453,27.209999084472656,27.59000015258789,27.59000015258789,5015557
2022-02-11 10:30:00-05:00,27.579999923706055,27.790000915527344,27.030000686645508,27.059999465942383,27.059999465942383,3136111
2022-02-11 11:30:00-05:00,27.059999465942383,27.15999984741211,26.760000228881836,26.948299407958984,26.948299407958984,3469727
2022-02-11 12:30:00-05:00,26.944700241088867,27.079999923706055,26.579999923706055,26.599899291992188,26.599899291992188,2271948
2022-02-11 13:30:00-05:00,26.599899291992188,26.600000381469727,25.90999984741211,25.93000030517578,25.93000030517578,5117151
2022-02-11 14:30:00-05:00,25.93000030517578,26.159900665283203,25.610000610351562,25.829999923706055,25.829999923706055,5000135
2022-02-11 15:30:00-05:00,25.84000015258789,26.01799964904785,25.649999618530273,25.860000610351562,25.860000610351562,3415055
2022-02-14 09:30:00-05:00,25.812000274658203,28.09000015258789,25.68000030517578,27.530000686645508,27.530000686645508,13621614
2022-02-14 10:30:00-05:00,27.530000686645508,28.290000915527344,27.309999465942383,28.099899291992188,28.099899291992188,6640930
2022-02-14 11:30:00-05:00,28.100000381469727,28.40999984741211,28.059999465942383,28.280799865722656,28.280799865722656,4586399
2022-02-14 12:30:00-05:00,28.280899047851562,28.309999465942383,27.719999313354492,27.989999771118164,27.989999771118164,3601703
2022-02-14 13:30:00-05:00,27.979999542236328,28.059999465942383,27.229999542236328,27.655000686645508,27.655000686645508,4321648
2022-02-14 14:30:00-05:00,27.649999618530273,27.850000381469727,27.510000228881836,27.710100173950195,27.710100173950195,3779847
2022-02-14 15:30:00-05:00,27.719999313354492,27.885000228881836,27.299999237060547,27.440000534057617,27.440000534057617,3750937
2022-02-15 09:30:00-05:00,28.110000610351562,28.389999389648438,27.6200008392334,28.18000030517578,28.18000030517578,8705510
2022-02-15 10:30:00-05:00,28.1835994720459,28.559999465942383,28.110000610351562,28.499099731445312,28.499099731445312,3652397
2022-02-15 11:30:00-05:00,28.5,28.639999389648438,28.329999923706055,28.449199676513672,28.449199676513672,2096947
2022-02-15 12:30:00-05:00,28.440000534057617,28.729999542236328,28.31999969482422,28.6200008392334,28.6200008392334,1890942
2022-02-15 13:30:00-05:00,28.6200008392334,28.690000534057617,28.420000076293945,28.6200008392334,28.6200008392334,1358348
2022-02-15 14:30:00-05:00,28.610000610351562,28.719999313354492,28.489999771118164,28.575000762939453,28.575000762939453,1348070
2022-02-15 15:30:00-05:00,28.579999923706055,28.889999389648438,28.459999084472656,28.860000610351562,28.860000610351562,2373262
2022-02-16 09:30:00-05:00,28.334999084472656,28.770000457763672,27.860000610351562,28.209999084472656,28.209999084472656,4477107
2022-02-16 10:30:00-05:00,28.190000534057617,28.649999618530273,28.145000457763672,28.364999771118164,28.364999771118164,2558747
2022-02-16 11:30:00-05:00,28.360000610351562,28.579999923706055,28.31999969482422,28.459199905395508,28.459199905395508,1235686
2022-02-16 12:30:00-05:00,28.450000762939453,28.575000762939453,28.229999542236328,28.520000457763672,28.520000457763672,1509290
2022-02-16 13:30:00-05:00,28.520000457763672,28.979999542236328,28.31999969482422,28.969900131225586,28.969900131225586,1689427
2022-02-16 14:30:00-05:00,28.969999313354492,29.18000030517578,28.760000228881836,29.079999923706055,29.079999923706055,2500191
2022-02-16 15:30:00-05:00,29.075000762939453,29.094999313354492,28.8799991607666,28.979999542236328,28.979999542236328,1450951
2022-02-17 09:30:00-05:00,28.440000534057617,30.1200008392334,28.389999389648438,29.8700008392334,29.8700008392334,8502634
2022-02-17 10:30:00-05:00,29.8700008392334,30.020000457763672,29.440900802612305,29.479900360107422,29.479900360107422,4510203
2022-02-17 11:30:00-05:00,29.469999313354492,29.479799270629883,28.469999313354492,28.684999465942383,28.684999465942383,3462411
2022-02-17 12:30:00-05:00,28.68000030517578,28.8700008392334,28.344999313354492,28.530000686645508,28.530000686645508,1826814
2022-02-17 13:30:00-05:00,28.530000686645508,28.6200008392334,28.299999237060547,28.340200424194336,28.340200424194336,1433249
2022-02-17 14:30:00-05:00,28.344999313354492,28.395000457763672,28.020000457763672,28.040000915527344,28.040000915527344,1530888
2022-02-17 15:30:00-05:00,28.03499984741211,28.183000564575195,27.920000076293945,28.1299991607666,28.1299991607666,2323671
2022-02-18 09:30:00-05:00,27.825000762939453,28.27989959716797,26.899999618530273,27.329999923706055,27.329999923706055,6487272
2022-02-18 10:30:00-05:00,27.327999114990234,27.329999923706055,26.55500030517578,26.719999313354492,26.719999313354492,4956716
2022-02-18 11:30:00-05:00,26.729999542236328,26.869699478149414,26.549999237060547,26.645000457763672,26.645000457763672,3083496
2022-02-18 12:30:00-05:00,26.645000457763672,26.729000091552734,25.78499984741211,26.066499710083008,26.066499710083008,5520043
2022-02-18 13:30:00-05:00,26.06999969482422,26.829200744628906,26.029300689697266,26.80150032043457,26.80150032043457,2775388
2022-02-18 14:30:00-05:00,26.799999237060547,27.040000915527344,26.5,26.524999618530273,26.524999618530273,2908105
2022-02-18 15:30:00-05:00,26.530000686645508,26.68000030517578,26.420000076293945,26.600000381469727,26.600000381469727,1845359
2022-02-22 09:30:00-05:00,25.764999389648438,27.280000686645508,25.75,27.200000762939453,27.200000762939453,7857307
2022-02-22 10:30:00-05:00,27.200000762939453,27.209999084472656,25.821699142456055,26.02549934387207,26.02549934387207,3686963
2022-02-22 11:30:00-05:00,26.020000457763672,26.184999465942383,25.239999771118164,25.42099952697754,25.42099952697754,6092050
2022-02-22 12:30:00-05:00,25.424999237060547,25.649999618530273,25.290000915527344,25.350000381469727,25.350000381469727,2621799
2022-02-22 13:30:00-05:00,25.350000381469727,25.489900588989258,24.940000534057617,25.200000762939453,25.200000762939453,3805389
2022-02-22 14:30:00-05:00,25.200000762939453,26.094999313354492,25.1200008392334,25.760000228881836,25.760000228881836,4091480
2022-02-22 15:30:00-05:00,25.760000228881836,25.8700008392334,25.43000030517578,25.5,25.5,2525870
2022-02-23 09:30:00-05:00,25.764999389648438,26.190000534057617,24.549999237060547,24.640100479125977,24.640100479125977,7682337
2022-02-23 10:30:00-05:00,24.639999389648438,24.959999084472656,24.420000076293945,24.469999313354492,24.469999313354492,3645009
2022-02-23 11:30:00-05:00,24.469999313354492,25.270000457763672,24.40999984741211,25.18000030517578,25.18000030517578,3302076
2022-02-23 12:30:00-05:00,25.18000030517578,25.190000534057617,24.56999969482422,24.600000381469727,24.600000381469727,1566759
2022-02-23 13:30:00-05:00,24.6200008392334,24.729000091552734,24.364999771118164,24.389999389648438,24.389999389648438,1883039
2022-02-23 14:30:00-05:00,24.399999618530273,24.420000076293945,24.030000686645508,24.269899368286133,24.269899368286133,3332738
2022-02-23 15:30:00-05:00,24.270000457763672,24.329999923706055,23.799999237060547,23.969999313354492,23.969999313354492,4601685
2022-02-24 09:30:00-05:00,22.25,24.649799346923828,22.219999313354492,24.010000228881836,24.010000228881836,13097489
2022-02-24 10:30:00-05:00,24.0,24.639999389648438,23.601299285888672,24.3700008392334,24.3700008392334,4869670
2022-02-24 11:30:00-05:00,24.360000610351562,24.459999084472656,23.8700008392334,24.049999237060547,24.049999237060547,3076046
2022-02-24 12:30:00-05:00,24.040000915527344,24.229999542236328,23.886899948120117,23.989999771118164,23.989999771118164,2060072
2022-02-24 13:30:00-05:00,23.989999771118164,24.579999923706055,23.989999771118164,24.499000549316406,24.499000549316406,3894910
2022-02-24 14:30:00-05:00,24.5,25.139999389648438,24.5,24.990100860595703,24.990100860595703,3772686
2022-02-24 15:30:00-05:00,24.989999771118164,25.44499969482422,24.985000610351562,25.260000228881836,25.260000228881836,2985269
2022-02-25 09:30:00-05:00,25.440000534057617,25.8700008392334,24.559999465942383,25.200000762939453,25.200000762939453,6851724
2022-02-25 10:30:00-05:00,25.200000762939453,25.899999618530273,25.049999237060547,25.860000610351562,25.860000610351562,3732433
2022-02-25 11:30:00-05:00,25.854999542236328,27.0,25.780000686645508,26.309999465942383,26.309999465942383,6355629
2022-02-25 12:30:00-05:00,26.31999969482422,26.389999389648438,25.780000686645508,26.1200008392334,26.1200008392334,3223842
2022-02-25 13:30:00-05:00,26.1299991607666,26.280000686645508,25.84040069580078,26.059999465942383,26.059999465942383,2279506
2022-02-25 14:30:00-05:00,26.06999969482422,26.139999389648438,25.829999923706055,26.07080078125,26.07080078125,1982446
2022-02-25 15:30:00-05:00,26.079999923706055,26.40920066833496,26.06999969482422,26.350000381469727,26.350000381469727,2644700
2022-02-28 09:30:00-05:00,26.739999771118164,27.8700008392334,26.170000076293945,27.81999969482422,27.81999969482422,10465565
2022-02-28 10:30:00-05:00,27.81999969482422,28.649999618530273,27.809999465942383,28.635000228881836,28.635000228881836,7133069
2022-02-28 11:30:00-05:00,28.639999389648438,29.04990005493164,27.90999984741211,28.21500015258789,28.21500015258789,6437377
2022-02-28 12:30:00-05:00,28.209999084472656,28.399999618530273,27.75,27.979999542236328,27.979999542236328,3746301
2022-02-28 13:30:00-05:00,27.979999542236328,28.17490005493164,27.6299991607666,27.760000228881836,27.760000228881836,2862653
2022-02-28 14:30:00-05:00,27.760000228881836,28.600000381469727,27.690000534057617,28.489999771118164,28.489999771118164,4580684
2022-02-28 15:30:00-05:00,28.489999771118164,28.93000030517578,28.280000686645508,28.920000076293945,28.920000076293945,5402363
2022-03-01 09:30:00-05:00,24.485000610351562,25.75,23.3799991607666,25.280000686645508,25.280000686645508,33247982
2022-03-01 10:30:00-05:00,25.270700454711914,25.399999618530273,24.350000381469727,24.37350082397461,24.37350082397461,8629040
2022-03-01 11:30:00-05:00,24.3799991607666,24.739999771118164,24.020000457763672,24.639999389648438,24.639999389648438,5065767
2022-03-01 12:30:00-05:00,24.6299991607666,24.829999923706055,24.149999618530273,24.41860008239746,24.41860008239746,3901741
2022-03-01 13:30:00-05:00,24.415000915527344,24.6299991607666,24.299999237060547,24.549999237060547,24.549999237060547,3107644
2022-03-01 14:30:00-05:00,24.540000915527344,25.1299991607666,24.3700008392334,24.829999923706055,24.829999923706055,4100514
2022-03-01 15:30:00-05:00,24.820100784301758,25.09000015258789,24.75,24.979999542236328,24.979999542236328,3328457
2022-03-02 09:30:00-05:00,24.719999313354492,24.729999542236328,23.6200008392334,23.889999389648438,23.889999389648438,8697514
2022-03-02 10:30:00-05:00,23.8799991607666,24.3700008392334,23.600000381469727,24.240100860595703,24.240100860595703,4602670
2022-03-02 11:30:00-05:00,24.260000228881836,24.399999618530273,23.954999923706055,24.049999237060547,24.049999237060547,2354811
2022-03-02 12:30:00-05:00,24.049999237060547,24.652999877929688,24.0,24.649999618530273,24.649999618530273,2212702
2022-03-02 13:30:00-05:00,24.65999984741211,24.770000457763672,24.489999771118164,24.6299991607666,24.6299991607666,1724807
2022-03-02 14:30:00-05:00,24.6299991607666,24.729999542236328,24.5,24.549100875854492,24.549100875854492,1710579
2022-03-02 15:30:00-05:00,24.549999237060547,24.700000762939453,24.540000915527344,24.56999969482422,24.56999969482422,1913606
2022-03-03 09:30:00-05:00,24.489999771118164,24.520000457763672,22.510000228881836,22.67009925842285,22.67009925842285,11492139
2022-03-03 10:30:00-05:00,22.670000076293945,23.368000030517578,22.610000610351562,23.25,23.25,3911312
2022-03-03 11:30:00-05:00,23.25,23.270200729370117,22.7450008392334,22.778900146484375,22.778900146484375,2763567
2022-03-03 12:30:00-05:00,22.780000686645508,23.170000076293945,22.760000228881836,23.09000015258789,23.09000015258789,1906709
2022-03-03 13:30:00-05:00,23.08810043334961,23.08810043334961,22.760000228881836,22.90999984741211,22.90999984741211,1807271
2022-03-03 14:30:00-05:00,22.899999618530273,22.899999618530273,22.510000228881836,22.600000381469727,22.600000381469727,3043497
2022-03-03 15:30:00-05:00,22.600000381469727,22.649999618530273,22.40999984741211,22.639999389648438,22.639999389648438,3181494
2022-03-04 09:30:00-05:00,22.618999481201172,23.729999542236328,22.110000610351562,22.795000076293945,22.795000076293945,11507665
2022-03-04 10:30:00-05:00,22.799999237060547,22.8799991607666,22.010000228881836,22.329999923706055,22.329999923706055,6496665
2022-03-04 11:30:00-05:00,22.325000762939453,22.729999542236328,22.200000762939453,22.268199920654297,22.268199920654297,3220100
2022-03-04 12:30:00-05:00,22.264999389648438,22.583200454711914,22.1200008392334,22.530000686645508,22.530000686645508,3007327
2022-03-04 13:30:00-05:00,22.530000686645508,22.875,22.43199920654297,22.770000457763672,22.770000457763672,3392026
2022-03-04 14:30:00-05:00,22.760000228881836,22.834999084472656,22.450700759887695,22.610000610351562,22.610000610351562,2592753
2022-03-04 15:30:00-05:00,22.610000610351562,22.749500274658203,22.5,22.6299991607666,22.6299991607666,2273978
2022-03-07 09:30:00-05:00,22.940000534057617,24.40999984741211,22.899999618530273,23.280000686645508,23.280000686645508,12625867
2022-03-07 10:30:00-05:00,23.290000915527344,23.81999969482422,22.899999618530273,23.741100311279297,23.741100311279297,5688699
2022-03-07 11:30:00-05:00,23.75,24.034099578857422,23.200000762939453,23.42840003967285,23.42840003967285,4460686
2022-03-07 12:30:00-05:00,23.420000076293945,24.030000686645508,23.32349967956543,23.448299407958984,23.448299407958984,3844614
2022-03-07 13:30:00-05:00,23.440000534057617,23.75,23.299999237060547,23.522499084472656,23.522499084472656,2853661
2022-03-07 14:30:00-05:00,23.524999618530273,23.59000015258789,23.309999465942383,23.520000457763672,23.520000457763672,2180874
2022-03-07 15:30:00-05:00,23.510000228881836,23.52630043029785,23.15999984741211,23.170000076293945,23.170000076293945,2685100
2022-03-08 09:30:00-05:00,22.854999542236328,23.969999313354492,22.610000610351562,23.920000076293945,23.920000076293945,9040810
2022-03-08 10:30:00-05:00,23.920000076293945,25.059999465942383,23.5049991607666,24.709999084472656,24.709999084472656,6943929
2022-03-08 11:30:00-05:00,24.718000411987305,25.709999084472656,24.280000686645508,25.25,25.25,5275234
2022-03-08 12:30:00-05:00,25.239999771118164,25.645000457763672,24.979999542236328,25.03499984741211,25.03499984741211,3586989
2022-03-08 13:30:00-05:00,25.03499984741211,25.079999923706055,24.079999923706055,24.46940040588379,24.46940040588379,3452527
2022-03-08 14:30:00-05:00,24.459999084472656,24.829999923706055,24.350000381469727,24.3700008392334,24.3700008392334,1895288
2022-03-08 15:30:00-05:00,24.3799991607666,24.43000030517578,24.170000076293945,24.25,24.25,2177045
2022-03-09 09:30:00-05:00,25.1299991607666,25.533100128173828,24.75,25.28499984741211,25.28499984741211,6117777
2022-03-09 10:30:00-05:00,25.290000915527344,25.520099639892578,25.139999389648438,25.301700592041016,25.301700592041016,2941662
2022-03-09 11:30:00-05:00,25.309999465942383,25.399999618530273,25.094999313354492,25.21500015258789,25.21500015258789,1513212
2022-03-09 12:30:00-05:00,25.200000762939453,25.3799991607666,25.15999984741211,25.25,25.25,1238465
2022-03-09 13:30:00-05:00,25.258800506591797,25.434999465942383,25.09000015258789,25.325000762939453,25.325000762939453,1639520
2022-03-09 14:30:00-05:00,25.329999923706055,25.3799991607666,25.145000457763672,25.19499969482422,25.19499969482422,1452505
2022-03-09 15:30:00-05:00,25.19860076904297,25.299999237060547,25.139999389648438,25.260000228881836,25.260000228881836,1996062
2022-03-10 09:30:00-05:00,24.90999984741211,24.90999984741211,23.8700008392334,23.93000030517578,23.93000030517578,5016681
2022-03-10 10:30:00-05:00,23.920000076293945,23.989999771118164,23.510000228881836,23.8700008392334,23.8700008392334,2571515
2022-03-10 11:30:00-05:00,23.8799991607666,24.149999618530273,23.80500030517578,24.04490089416504,24.04490089416504,1717889
2022-03-10 12:30:00-05:00,24.030000686645508,24.03499984741211,23.739999771118164,23.920000076293945,23.920000076293945,1062341
2022-03-10 13:30:00-05:00,23.925600051879883,24.360000610351562,23.84000015258789,24.310199737548828,24.310199737548828,2072523
2022-03-10 14:30:00-05:00,24.31999969482422,24.350000381469727,23.920000076293945,24.0049991607666,24.0049991607666,1560923
2022-03-10 15:30:00-05:00,24.010000228881836,24.295000076293945,24.010000228881836,24.170000076293945,24.170000076293945,1516214
2022-03-11 09:30:00-05:00,24.049999237060547,24.229999542236328,23.360000610351562,23.520000457763672,23.520000457763672,5516796
2022-03-11 10:30:00-05:00,23.520000457763672,23.559999465942383,22.84000015258789,22.979999542236328,22.979999542236328,3619650
2022-03-11 11:30:00-05:00,22.979999542236328,23.260000228881836,22.884899139404297,22.979999542236328,22.979999542236328,2142338
2022-03-11 12:30:00-05:00,22.979999542236328,23.14900016784668,22.809999465942383,22.96500015258789,22.96500015258789,2105983
2022-03-11 13:30:00-05:00,22.96500015258789,23.139999389648438,22.834999084472656,23.1299991607666,23.1299991607666,1339242
2022-03-11 14:30:00-05:00,23.1299991607666,23.139999389648438,22.850000381469727,22.860000610351562,22.860000610351562,1429130
2022-03-11 15:30:00-05:00,22.850000381469727,23.0,22.84000015258789,22.950000762939453,22.950000762939453,1899472
2022-03-14 09:30:00-04:00,22.6299991607666,23.25,21.8799991607666,22.969999313354492,22.969999313354492,6117402
2022-03-14 10:30:00-04:00,22.959999084472656,22.959999084472656,22.295000076293945,22.381000518798828,22.381000518798828,2319397
2022-03-14 11:30:00-04:00,22.399799346923828,22.399999618530273,21.850000381469727,22.0,22.0,3131609
2022-03-14 12:30:00-04:00,21.989999771118164,22.12820053100586,21.461200714111328,21.48819923400879,21.48819923400879,2724730
2022-03-14 13:30:00-04:00,21.489999771118164,21.809999465942383,21.313800811767578,21.429800033569336,21.429800033569336,2675184
2022-03-14 14:30:00-04:00,21.43000030517578,21.729999542236328,21.40999984741211,21.665000915527344,21.665000915527344,1704599
2022-03-14 15:30:00-04:00,21.65999984741211,21.65999984741211,21.34000015258789,21.549999237060547,21.549999237060547,1772180
2022-03-15 09:30:00-04:00,21.5,21.969499588012695,20.489999771118164,21.3700008392334,21.3700008392334,6951712
2022-03-15 10:30:00-04:00,21.3799991607666,22.018800735473633,21.350000381469727,21.48240089416504,21.48240089416504,3702848
2022-03-15 11:30:00-04:00,21.483999252319336,21.649999618530273,21.049999237060547,21.34000015258789,21.34000015258789,1951436
2022-03-15 12:30:00-04:00,21.34000015258789,21.5,21.209999084472656,21.299999237060547,21.299999237060547,1262668
2022-03-15 13:30:00-04:00,21.300500869750977,21.799999237060547,21.290000915527344,21.520000457763672,21.520000457763672,1619645
2022-03-15 14:30:00-04:00,21.511999130249023,21.864999771118164,21.459999084472656,21.790000915527344,21.790000915527344,1394211
2022-03-15 15:30:00-04:00,21.790000915527344,22.030000686645508,21.780099868774414,21.950000762939453,21.950000762939453,1800505
2022-03-16 09:30:00-04:00,22.1299991607666,23.450000762939453,22.1299991607666,23.339799880981445,23.339799880981445,7753690
2022-03-16 10:30:00-04:00,23.34779930114746,23.739999771118164,23.229999542236328,23.730100631713867,23.730100631713867,3722461
2022-03-16 11:30:00-04:00,23.737300872802734,23.895000457763672,23.399999618530273,23.43000030517578,23.43000030517578,2237374
2022-03-16 12:30:00-04:00,23.423799514770508,23.528499603271484,23.060100555419922,23.29789924621582,23.29789924621582,1807239
2022-03-16 13:30:00-04:00,23.299999237060547,23.40999984741211,22.7549991607666,22.850000381469727,22.850000381469727,3247936
2022-03-16 14:30:00-04:00,22.84000015258789,23.825000762939453,22.610000610351562,23.579999923706055,23.579999923706055,4054016
2022-03-16 15:30:00-04:00,23.575000762939453,23.690000534057617,23.415000915527344,23.68000030517578,23.68000030517578,2744018
2022-03-17 09:30:00-04:00,23.31999969482422,24.329999923706055,22.851200103759766,24.139999389648438,24.139999389648438,5293847
2022-03-17 10:30:00-04:00,24.149999618530273,24.170000076293945,23.649999618530273,24.060100555419922,24.060100555419922,2731003
2022-03-17 11:30:00-04:00,24.06999969482422,24.520000457763672,24.06999969482422,24.5,24.5,3525816
2022-03-17 12:30:00-04:00,24.4950008392334,24.68000030517578,24.309999465942383,24.6299991607666,24.6299991607666,1904685
2022-03-17 13:30:00-04:00,24.639999389648438,24.93000030517578,24.625,24.639999389648438,24.639999389648438,2314649
2022-03-17 14:30:00-04:00,24.649999618530273,24.799999237060547,24.530000686645508,24.69499969482422,24.69499969482422,1459992
2022-03-17 15:30:00-04:00,24.69499969482422,24.7450008392334,24.600000381469727,24.670000076293945,24.670000076293945,1637972
2022-03-18 09:30:00-04:00,24.940000534057617,26.149999618530273,24.649999618530273,25.5,25.5,8169299
2022-03-18 10:30:00-04:00,25.479999542236328,25.649999618530273,25.2106990814209,25.309999465942383,25.309999465942383,4112341
2022-03-18 11:30:00-04:00,25.31999969482422,25.674999237060547,25.270000457763672,25.665000915527344,25.665000915527344,2579849
2022-03-18 12:30:00-04:00,25.65999984741211,25.739999771118164,25.469999313354492,25.604999542236328,25.604999542236328,2482583
2022-03-18 13:30:00-04:00,25.604999542236328,25.659799575805664,25.3700008392334,25.405000686645508,25.405000686645508,1892431
2022-03-18 14:30:00-04:00,25.405000686645508,25.6200008392334,25.395000457763672,25.59000015258789,25.59000015258789,1653525
2022-03-18 15:30:00-04:00,25.59000015258789,25.68000030517578,25.325000762939453,25.670000076293945,25.670000076293945,2638247
2022-03-21 09:30:00-04:00,25.75,26.200000762939453,24.8700008392334,24.887300491333008,24.887300491333008,5314446
2022-03-21 10:30:00-04:00,24.889999389648438,25.670000076293945,24.81999969482422,25.59000015258789,25.59000015258789,2773385
2022-03-21 11:30:00-04:00,25.600000381469727,25.690000534057617,25.280000686645508,25.5,25.5,1810265
2022-03-21 12:30:00-04:00,25.5,25.5,24.940000534057617,25.09000015258789,25.09000015258789,1477852
2022-03-21 13:30:00-04:00,25.080400466918945,25.3700008392334,25.03499984741211,25.329999923706055,25.329999923706055,1113513
2022-03-21 14:30:00-04:00,25.325000762939453,25.399999618530273,25.139999389648438,25.309999465942383,25.309999465942383,1273731
2022-03-21 15:30:00-04:00,25.31999969482422,25.399999618530273,25.110000610351562,25.389999389648438,25.389999389648438,1292273
2022-03-22 09:30:00-04:00,25.450000762939453,25.8700008392334,25.121200561523438,25.579999923706055,25.579999923706055,4107107
2022-03-22 10:30:00-04:00,25.58989906311035,25.82990074157715,25.469999313354492,25.719999313354492,25.719999313354492,2826611
2022-03-22 11:30:00-04:00,25.72100067138672,25.805299758911133,25.190000534057617,25.31999969482422,25.31999969482422,2494666
2022-03-22 12:30:00-04:00,25.329999923706055,25.600000381469727,25.270000457763672,25.584999084472656,25.584999084472656,2374291
2022-03-22 13:30:00-04:00,25.59000015258789,27.1299991607666,25.579999923706055,26.78499984741211,26.78499984741211,9034874
2022-03-22 14:30:00-04:00,26.78969955444336,27.25,26.639999389648438,26.790000915527344,26.790000915527344,4813921
2022-03-22 15:30:00-04:00,26.790000915527344,26.860000610351562,26.604999542236328,26.639999389648438,26.639999389648438,2015114
2022-03-23 09:30:00-04:00,26.5,26.690000534057617,25.75,26.03890037536621,26.03890037536621,6048705
2022-03-23 10:30:00-04:00,26.040000915527344,26.469999313354492,25.71190071105957,26.379499435424805,26.379499435424805,3570653
2022-03-23 11:30:00-04:00,26.3700008392334,26.809999465942383,26.25,26.40999984741211,26.40999984741211,3015483
2022-03-23 12:30:00-04:00,26.420000076293945,26.479999542236328,25.950000762939453,25.999900817871094,25.999900817871094,2358824
2022-03-23 13:30:00-04:00,25.979999542236328,26.079999923706055,25.770000457763672,25.950000762939453,25.950000762939453,2060144
2022-03-23 14:30:00-04:00,25.954999923706055,26.11910057067871,25.770000457763672,25.879100799560547,25.879100799560547,1329080
2022-03-23 15:30:00-04:00,25.8799991607666,25.989999771118164,25.72800064086914,25.899999618530273,25.899999618530273,1634535
2022-03-24 09:30:00-04:00,26.010000228881836,26.56999969482422,25.030000686645508,25.25,25.25,5382257
2022-03-24 10:30:00-04:00,25.2549991607666,25.979999542236328,25.15999984741211,25.868799209594727,25.868799209594727,2069344
2022-03-24 11:30:00-04:00,25.8700008392334,26.040000915527344,25.59000015258789,25.889999389648438,25.889999389648438,1726452
2022-03-24 12:30:00-04:00,25.88990020751953,26.0,25.790000915527344,25.93000030517578,25.93000030517578,1032162
2022-03-24 13:30:00-04:00,25.93000030517578,25.989900588989258,25.709999084472656,25.829999923706055,25.829999923706055,1090773
2022-03-24 14:30:00-04:00,25.81999969482422,26.139999389648438,25.780000686645508,26.100000381469727,26.100000381469727,1240462
2022-03-24 15:30:00-04:00,26.110000610351562,26.280000686645508,26.079999923706055,26.260000228881836,26.260000228881836,1705374
2022-03-24 16:00:00-04:00,26.25,26.25,26.25,26.25,26.25,0
2022-03-24 12:30:00-04:00,25.88990020751953,26.0,25.790000915527344,25.93000030517578,25.93000030517578,1032162
2022-03-24 13:30:00-04:00,25.93000030517578,25.989900588989254,25.709999084472656,25.82999992370605,25.82999992370605,1090773
2022-03-24 14:30:00-04:00,25.81999969482422,26.13999938964844,25.780000686645508,26.100000381469727,26.100000381469727,1240462
2022-03-24 15:30:00-04:00,26.11000061035156,26.280000686645508,26.07999992370605,26.26000022888184,26.26000022888184,1705374
2022-03-25 09:30:00-04:00,25.940000534057617,26.059999465942383,25.045000076293945,25.065000534057617,25.065000534057617,4163698
2022-03-25 10:30:00-04:00,25.065000534057617,25.5049991607666,24.57999992370605,24.670000076293945,24.670000076293945,3915431
2022-03-25 11:30:00-04:00,24.649999618530277,24.899999618530277,24.520000457763672,24.825000762939453,24.825000762939453,2325385
2022-03-25 12:30:00-04:00,24.809999465942383,24.920000076293945,24.64139938354492,24.709999084472656,24.709999084472656,1163790
2022-03-25 13:30:00-04:00,24.719900131225582,25.13999938964844,24.674999237060547,25.1200008392334,25.1200008392334,1442986
2022-03-25 14:30:00-04:00,25.1200008392334,25.22929954528809,24.84499931335449,24.850000381469727,24.850000381469727,1549140
2022-03-25 15:30:00-04:00,24.850000381469727,25.170000076293945,24.84000015258789,25.170000076293945,25.170000076293945,1505865
2022-03-25 16:00:00-04:00,25.15999984741211,25.15999984741211,25.15999984741211,25.15999984741211,25.15999984741211,0
2022-03-25 12:30:00-04:00,24.809999465942383,24.920000076293945,24.64139938354492,24.709999084472656,24.709999084472656,1163790
2022-03-25 13:30:00-04:00,24.719900131225582,25.13999938964844,24.674999237060547,25.1200008392334,25.1200008392334,1442986
2022-03-25 14:30:00-04:00,25.1200008392334,25.22929954528809,24.84499931335449,24.850000381469727,24.850000381469727,1549140
2022-03-25 15:30:00-04:00,24.850000381469727,25.170000076293945,24.84000015258789,25.170000076293945,25.170000076293945,1505865
2022-03-28 09:30:00-04:00,25.34000015258789,25.940000534057617,24.8799991607666,25.07999992370605,25.07999992370605,6237190
2022-03-28 10:30:00-04:00,25.076000213623047,25.315000534057617,24.9512996673584,24.98539924621582,24.98539924621582,2371569
2022-03-28 11:30:00-04:00,24.989999771118164,25.09000015258789,24.63999938964844,24.84480094909668,24.84480094909668,2018775
2022-03-28 12:30:00-04:00,24.84000015258789,25.1200008392334,24.790000915527344,25.030000686645508,25.030000686645508,1475146
2022-03-28 13:30:00-04:00,25.0393009185791,25.100000381469727,24.8799991607666,24.940000534057617,24.940000534057617,1532378
2022-03-28 14:30:00-04:00,24.93000030517578,25.299999237060547,24.90999984741211,25.229999542236328,25.229999542236328,1678142
2022-03-28 15:30:00-04:00,25.229999542236328,25.3799991607666,25.131000518798828,25.3799991607666,25.3799991607666,2063036
2022-03-28 16:00:00-04:00,25.3799991607666,25.3799991607666,25.3799991607666,25.3799991607666,25.3799991607666,0
2022-03-28 10:30:00-04:00,25.076000213623047,25.315000534057617,24.9512996673584,24.98539924621582,24.98539924621582,2371569
2022-03-28 11:30:00-04:00,24.989999771118164,25.09000015258789,24.63999938964844,24.84480094909668,24.84480094909668,2018775
2022-03-28 12:30:00-04:00,24.84000015258789,25.1200008392334,24.790000915527344,25.030000686645508,25.030000686645508,1475146
2022-03-28 13:30:00-04:00,25.0393009185791,25.100000381469727,24.8799991607666,24.940000534057617,24.940000534057617,1532378
2022-03-28 14:30:00-04:00,24.93000030517578,25.299999237060547,24.90999984741211,25.229999542236328,25.229999542236328,1678142
2022-03-28 15:30:00-04:00,25.229999542236328,25.3799991607666,25.131000518798828,25.3799991607666,25.3799991607666,2063036
2022-03-29 09:30:00-04:00,25.75,26.799999237060547,25.46999931335449,26.43000030517578,26.43000030517578,8386841
2022-03-29 10:30:00-04:00,26.43899917602539,27.600000381469727,26.31999969482422,26.9950008392334,26.9950008392334,9030386
2022-03-29 11:30:00-04:00,26.991600036621094,27.209999084472656,26.76000022888184,27.084999084472656,27.084999084472656,3052224
2022-03-29 12:30:00-04:00,27.084999084472656,27.350000381469727,26.870100021362305,27.1299991607666,27.1299991607666,4177154
2022-03-29 13:30:00-04:00,27.131000518798828,27.43000030517578,27.024999618530277,27.40999984741211,27.40999984741211,2798466
2022-03-29 14:30:00-04:00,27.399999618530277,27.43000030517578,27.18000030517578,27.315000534057617,27.315000534057617,2298682
2022-03-29 15:30:00-04:00,27.315000534057617,27.450000762939453,27.19499969482422,27.36000061035156,27.36000061035156,2387060
2022-03-30 09:30:00-04:00,26.920000076293945,28.01000022888184,26.75,27.87849998474121,27.87849998474121,6892580
2022-03-30 10:30:00-04:00,27.8700008392334,28.13500022888184,27.334999084472656,27.479999542236328,27.479999542236328,4567584
2022-03-30 11:30:00-04:00,27.479999542236328,27.75,27.36000061035156,27.49920082092285,27.49920082092285,1793179
2022-03-30 12:30:00-04:00,27.49880027770996,27.530000686645508,27.1299991607666,27.190000534057617,27.190000534057617,1173404
2022-03-30 13:30:00-04:00,27.190000534057617,27.26000022888184,26.82999992370605,26.86540031433105,26.86540031433105,1666507
2022-03-30 14:30:00-04:00,26.86000061035156,27.006799697875977,26.200000762939453,26.334999084472656,26.334999084472656,2956374
2022-03-30 15:30:00-04:00,26.32999992370605,26.584999084472656,26.309999465942383,26.51000022888184,26.51000022888184,1789587
2022-03-30 16:00:00-04:00,26.5,26.5,26.5,26.5,26.5,0
2022-03-30 09:30:00-04:00,26.920000076293945,28.01000022888184,26.75,27.87849998474121,27.87849998474121,6892580
2022-03-30 10:30:00-04:00,27.8700008392334,28.13500022888184,27.334999084472656,27.479999542236328,27.479999542236328,4567584
2022-03-30 11:30:00-04:00,27.479999542236328,27.75,27.36000061035156,27.49920082092285,27.49920082092285,1793179
2022-03-30 12:30:00-04:00,27.49880027770996,27.530000686645508,27.1299991607666,27.190000534057617,27.190000534057617,1173404
2022-03-30 13:30:00-04:00,27.190000534057617,27.26000022888184,26.82999992370605,26.86540031433105,26.86540031433105,1666507
2022-03-30 14:30:00-04:00,26.86000061035156,27.006799697875977,26.200000762939453,26.334999084472656,26.334999084472656,2956374
2022-03-30 15:30:00-04:00,26.32999992370605,26.584999084472656,26.309999465942383,26.51000022888184,26.51000022888184,1789587
2022-03-31 09:30:00-04:00,26.46999931335449,26.520000457763672,25.450000762939453,25.71999931335449,25.71999931335449,6114266
2022-03-31 10:30:00-04:00,25.71999931335449,26.09000015258789,25.6200008392334,25.659099578857425,25.659099578857425,2484303
2022-03-31 11:30:00-04:00,25.642000198364254,25.84000015258789,25.54540061950684,25.56999969482422,25.56999969482422,1177011
2022-03-31 12:30:00-04:00,25.57999992370605,25.61000061035156,25.3799991607666,25.499900817871094,25.499900817871094,1616077
2022-03-31 13:30:00-04:00,25.5,25.530000686645508,25.25,25.369800567626957,25.369800567626957,1541914
2022-03-31 14:30:00-04:00,25.3700008392334,25.725000381469727,25.350000381469727,25.459999084472656,25.459999084472656,1371408
2022-03-31 15:30:00-04:00,25.450000762939453,25.59000015258789,25.309999465942383,25.38999938964844,25.38999938964844,1854433
2022-04-01 09:30:00-04:00,25.38999938964844,25.559999465942383,24.61050033569336,24.80500030517578,24.80500030517578,5475387
2022-04-01 10:30:00-04:00,24.809999465942383,25.040000915527344,24.721799850463867,24.7716007232666,24.7716007232666,2333413
2022-04-01 11:30:00-04:00,24.780000686645508,24.83970069885254,24.364999771118164,24.52989959716797,24.52989959716797,2362186
2022-04-01 12:30:00-04:00,24.52199935913086,24.524999618530277,24.26000022888184,24.295000076293945,24.295000076293945,1423894
2022-04-01 13:30:00-04:00,24.290000915527344,24.530000686645508,24.270099639892575,24.47960090637207,24.47960090637207,1372762
2022-04-01 14:30:00-04:00,24.475000381469727,24.51000022888184,24.270000457763672,24.34000015258789,24.34000015258789,1296601
2022-04-01 15:30:00-04:00,24.34000015258789,24.56999969482422,24.290000915527344,24.559999465942383,24.559999465942383,1665304
2022-04-01 16:00:00-04:00,24.549999237060547,24.549999237060547,24.549999237060547,24.549999237060547,24.549999237060547,0
2022-04-01 11:30:00-04:00,24.780000686645508,24.83970069885254,24.364999771118164,24.52989959716797,24.52989959716797,2362186
2022-04-01 12:30:00-04:00,24.52199935913086,24.524999618530277,24.26000022888184,24.295000076293945,24.295000076293945,1423894
2022-04-01 13:30:00-04:00,24.290000915527344,24.530000686645508,24.270099639892575,24.47960090637207,24.47960090637207,1372762
2022-04-01 14:30:00-04:00,24.475000381469727,24.51000022888184,24.270000457763672,24.34000015258789,24.34000015258789,1296601
2022-04-01 15:30:00-04:00,24.34000015258789,24.56999969482422,24.290000915527344,24.559999465942383,24.559999465942383,1665304
2022-04-04 09:30:00-04:00,24.920000076293945,25.18000030517578,24.709999084472656,25.059999465942383,25.059999465942383,4569464
2022-04-04 10:30:00-04:00,25.059999465942383,25.43000030517578,24.899999618530277,25.339099884033203,25.339099884033203,2989152
2022-04-04 11:30:00-04:00,25.34000015258789,25.43000030517578,25.030000686645508,25.21500015258789,25.21500015258789,1914476
2022-04-04 12:30:00-04:00,25.21310043334961,25.295000076293945,25.05069923400879,25.06920051574707,25.06920051574707,1190138
2022-04-04 13:30:00-04:00,25.065000534057617,25.09000015258789,24.8700008392334,25.030000686645508,25.030000686645508,1526015
2022-04-04 14:30:00-04:00,25.020000457763672,25.23500061035156,24.990100860595703,25.209999084472656,25.209999084472656,1667381
2022-04-04 15:30:00-04:00,25.209999084472656,25.280000686645508,25.11000061035156,25.209999084472656,25.209999084472656,1951757
2022-04-04 16:00:00-04:00,25.209999084472656,25.209999084472656,25.209999084472656,25.209999084472656,25.209999084472656,0
2022-04-04 11:30:00-04:00,25.34000015258789,25.43000030517578,25.030000686645508,25.21500015258789,25.21500015258789,1914476
2022-04-04 12:30:00-04:00,25.21310043334961,25.295000076293945,25.05069923400879,25.06920051574707,25.06920051574707,1190138
2022-04-04 13:30:00-04:00,25.065000534057617,25.09000015258789,24.8700008392334,25.030000686645508,25.030000686645508,1526015
2022-04-04 14:30:00-04:00,25.020000457763672,25.23500061035156,24.990100860595703,25.209999084472656,25.209999084472656,1667381
2022-04-04 15:30:00-04:00,25.209999084472656,25.280000686645508,25.11000061035156,25.209999084472656,25.209999084472656,1951757
2022-04-05 09:30:00-04:00,25.209999084472656,26.15999984741211,24.45499992370605,24.540000915527344,24.540000915527344,6816269
2022-04-05 10:30:00-04:00,24.549999237060547,24.665000915527344,24.11000061035156,24.11000061035156,24.11000061035156,2763694
2022-04-05 11:30:00-04:00,24.114999771118164,24.30990028381348,23.850000381469727,23.875,23.875,3380157
2022-04-05 12:30:00-04:00,23.877899169921875,24.1200008392334,23.86989974975586,24.040000915527344,24.040000915527344,1653733
2022-04-05 13:30:00-04:00,24.040000915527344,24.1299991607666,23.8700008392334,24.0049991607666,24.0049991607666,1333766
2022-04-05 14:30:00-04:00,24.0049991607666,24.09000015258789,23.709999084472656,23.709999084472656,23.709999084472656,1933666
2022-04-05 15:30:00-04:00,23.709999084472656,23.790000915527344,23.649999618530277,23.729999542236328,23.729999542236328,1873043
2022-04-05 16:00:00-04:00,23.729999542236328,23.729999542236328,23.729999542236328,23.729999542236328,23.729999542236328,0
2022-04-05 11:30:00-04:00,24.114999771118164,24.30990028381348,23.850000381469727,23.875,23.875,3380157
2022-04-05 12:30:00-04:00,23.877899169921875,24.1200008392334,23.86989974975586,24.040000915527344,24.040000915527344,1653733
2022-04-05 13:30:00-04:00,24.040000915527344,24.1299991607666,23.8700008392334,24.0049991607666,24.0049991607666,1333766
2022-04-05 14:30:00-04:00,24.0049991607666,24.09000015258789,23.709999084472656,23.709999084472656,23.709999084472656,1933666
2022-04-05 15:30:00-04:00,23.709999084472656,23.790000915527344,23.649999618530277,23.729999542236328,23.729999542236328,1873043
2022-04-06 09:30:00-04:00,23.600000381469727,23.600000381469727,22.61000061035156,22.950000762939453,22.950000762939453,6409221
2022-04-06 10:30:00-04:00,22.950000762939453,23.325000762939453,22.790000915527344,22.850000381469727,22.850000381469727,2340592
2022-04-06 11:30:00-04:00,22.84000015258789,23.005800247192383,22.709999084472656,22.790000915527344,22.790000915527344,1520273
2022-04-06 12:30:00-04:00,22.780799865722656,23.1299991607666,22.670000076293945,23.020000457763672,23.020000457763672,1551237
2022-04-06 13:30:00-04:00,23.030000686645508,23.299999237060547,22.739999771118164,22.86000061035156,22.86000061035156,1653832
2022-04-06 14:30:00-04:00,22.86000061035156,23.399999618530277,22.81999969482422,22.979999542236328,22.979999542236328,2543111
2022-04-06 15:30:00-04:00,22.978099822998047,23.170000076293945,22.940000534057617,22.979999542236328,22.979999542236328,1889711
2022-04-06 16:00:00-04:00,22.989999771118164,22.989999771118164,22.989999771118164,22.989999771118164,22.989999771118164,0
2022-04-06 12:30:00-04:00,22.780799865722656,23.1299991607666,22.670000076293945,23.020000457763672,23.020000457763672,1551237
2022-04-06 13:30:00-04:00,23.030000686645508,23.299999237060547,22.739999771118164,22.86000061035156,22.86000061035156,1653832
2022-04-06 14:30:00-04:00,22.86000061035156,23.399999618530277,22.81999969482422,22.979999542236328,22.979999542236328,2543111
2022-04-06 15:30:00-04:00,22.978099822998047,23.170000076293945,22.940000534057617,22.979999542236328,22.979999542236328,1889711
2022-04-07 09:30:00-04:00,23.100000381469727,23.21999931335449,22.290000915527344,22.420000076293945,22.420000076293945,4145597
2022-04-07 10:30:00-04:00,22.41530036926269,22.440000534057617,21.84000015258789,21.96999931335449,21.96999931335449,4223134
2022-04-07 11:30:00-04:00,21.96999931335449,22.040000915527344,21.694499969482425,21.73069953918457,21.73069953918457,2839177
2022-04-07 12:30:00-04:00,21.739900588989254,22.26000022888184,21.45929908752441,22.21999931335449,22.21999931335449,3426792
2022-04-07 13:30:00-04:00,22.21500015258789,22.3799991607666,21.96500015258789,22.188899993896484,22.188899993896484,1540259
2022-04-07 14:30:00-04:00,22.18000030517578,22.6200008392334,22.06999969482422,22.34000015258789,22.34000015258789,2528849
2022-04-07 15:30:00-04:00,22.34000015258789,22.530000686645508,22.31999969482422,22.32999992370605,22.32999992370605,1720241
2022-04-08 09:30:00-04:00,22.059999465942383,22.299999237060547,21.549999237060547,22.174999237060547,22.174999237060547,3728756
2022-04-08 10:30:00-04:00,22.170000076293945,22.32999992370605,21.850000381469727,22.104999542236328,22.104999542236328,2420791
2022-04-08 11:30:00-04:00,22.100000381469727,22.34000015258789,21.975000381469727,22.200000762939453,22.200000762939453,1890343
2022-04-06 12:30:00-04:00,22.780799865722656,23.1299991607666,22.670000076293945,23.020000457763672,23.020000457763672,1551237
2022-04-06 13:30:00-04:00,23.030000686645508,23.299999237060547,22.739999771118164,22.86000061035156,22.86000061035156,1653832
2022-04-06 14:30:00-04:00,22.86000061035156,23.39999961853028,22.81999969482422,22.979999542236328,22.979999542236328,2543111
2022-04-06 15:30:00-04:00,22.978099822998047,23.170000076293945,22.940000534057617,22.979999542236328,22.979999542236328,1889711
2022-04-06 16:00:00-04:00,22.989999771118164,22.989999771118164,22.989999771118164,22.989999771118164,22.989999771118164,0
2022-04-06 12:30:00-04:00,22.780799865722656,23.1299991607666,22.670000076293945,23.020000457763672,23.020000457763672,1551237
2022-04-06 13:30:00-04:00,23.030000686645508,23.299999237060547,22.739999771118164,22.86000061035156,22.86000061035156,1653832
2022-04-06 14:30:00-04:00,22.86000061035156,23.39999961853028,22.81999969482422,22.979999542236328,22.979999542236328,2543111
2022-04-06 15:30:00-04:00,22.978099822998047,23.170000076293945,22.940000534057617,22.979999542236328,22.979999542236328,1889711
2022-04-07 09:30:00-04:00,23.100000381469727,23.21999931335449,22.290000915527344,22.420000076293945,22.420000076293945,4145597
2022-04-07 10:30:00-04:00,22.41530036926269,22.440000534057617,21.84000015258789,21.96999931335449,21.96999931335449,4223134
2022-04-07 11:30:00-04:00,21.96999931335449,22.040000915527344,21.694499969482425,21.73069953918457,21.73069953918457,2839177
2022-04-07 12:30:00-04:00,21.73990058898925,22.26000022888184,21.45929908752441,22.21999931335449,22.21999931335449,3426792
2022-04-07 13:30:00-04:00,22.21500015258789,22.3799991607666,21.96500015258789,22.188899993896484,22.188899993896484,1540259
2022-04-06 12:30:00-04:00,22.780799865722656,23.1299991607666,22.670000076293945,23.020000457763672,23.020000457763672,1551237
2022-04-06 13:30:00-04:00,23.030000686645508,23.299999237060547,22.739999771118164,22.86000061035156,22.86000061035156,1653832
2022-04-06 14:30:00-04:00,22.86000061035156,23.39999961853028,22.81999969482422,22.979999542236328,22.979999542236328,2543111
2022-04-06 15:30:00-04:00,22.978099822998047,23.170000076293945,22.940000534057617,22.979999542236328,22.979999542236328,1889711
2022-04-06 16:00:00-04:00,22.989999771118164,22.989999771118164,22.989999771118164,22.989999771118164,22.989999771118164,0
2022-04-06 12:30:00-04:00,22.780799865722656,23.1299991607666,22.670000076293945,23.020000457763672,23.020000457763672,1551237
2022-04-06 13:30:00-04:00,23.030000686645508,23.299999237060547,22.739999771118164,22.86000061035156,22.86000061035156,1653832
2022-04-06 14:30:00-04:00,22.86000061035156,23.39999961853028,22.81999969482422,22.979999542236328,22.979999542236328,2543111
2022-04-06 15:30:00-04:00,22.978099822998047,23.170000076293945,22.940000534057617,22.979999542236328,22.979999542236328,1889711
2022-04-07 09:30:00-04:00,23.100000381469727,23.21999931335449,22.290000915527344,22.420000076293945,22.420000076293945,4145597
2022-04-07 10:30:00-04:00,22.41530036926269,22.440000534057617,21.84000015258789,21.96999931335449,21.96999931335449,4223134
2022-04-07 11:30:00-04:00,21.96999931335449,22.040000915527344,21.694499969482425,21.73069953918457,21.73069953918457,2839177
2022-04-07 12:30:00-04:00,21.73990058898925,22.26000022888184,21.45929908752441,22.21999931335449,22.21999931335449,3426792
2022-04-07 13:30:00-04:00,22.21500015258789,22.3799991607666,21.96500015258789,22.188899993896484,22.188899993896484,1540259
