,MACD,Single Line
2021-09-14 09:30:00-04:00,0.0,0.0
2021-09-14 10:30:00-04:00,-0.024911733774047207,-0.004982346754809442
2021-09-14 11:30:00-04:00,-0.016441530808322113,-0.007274183565511977
2021-09-14 12:30:00-04:00,-0.08779547860996217,-0.02337844257440202
2021-09-14 13:30:00-04:00,-0.21449343539791244,-0.06160144113910411
2021-09-14 14:30:00-04:00,-0.355267853689611,-0.1203347236492055
2021-09-14 15:30:00-04:00,-0.40320016778730405,-0.17690781247682522
2021-09-15 09:30:00-04:00,-0.4178106466720237,-0.22508837931586495
2021-09-15 10:30:00-04:00,-0.35429640846081156,-0.25092998514485426
2021-09-15 11:30:00-04:00,-0.2486456100462533,-0.25047311012513407
2021-09-15 12:30:00-04:00,-0.04657064495688701,-0.20969261709148468
2021-09-15 13:30:00-04:00,0.10669628638572703,-0.14641483639604233
2021-09-15 14:30:00-04:00,0.27336174244055655,-0.062459520628722565
2021-09-15 15:30:00-04:00,0.3953035235347784,0.02909308820397763
2021-09-16 09:30:00-04:00,0.2817239276361079,0.07961925609040368
2021-09-16 10:30:00-04:00,0.16041780892214774,0.0957789666567525
2021-09-16 11:30:00-04:00,0.12257253599881324,0.10113768052516467
2021-09-16 12:30:00-04:00,0.11692346703665635,0.10429483782746302
2021-09-16 13:30:00-04:00,0.17989694309630977,0.11941525888123236
2021-09-16 14:30:00-04:00,0.27385101399721634,0.15030240990442917
2021-09-16 15:30:00-04:00,0.32160560916156555,0.18456304975585647
2021-09-17 09:30:00-04:00,0.040256902406156314,0.15570182028591645
2021-09-17 10:30:00-04:00,-0.24923701868584658,0.07471405249156385
2021-09-17 11:30:00-04:00,-0.4544604827588046,-0.03112085455850984
2021-09-17 12:30:00-04:00,-0.6510725129670618,-0.15511118624022024
2021-09-17 13:30:00-04:00,-0.8528169142689421,-0.2946523318459646
2021-09-17 14:30:00-04:00,-0.9912201937543159,-0.4339659042276349
2021-09-17 15:30:00-04:00,-1.0943096524144948,-0.566034653865007
2021-09-20 09:30:00-04:00,-1.6879078796403633,-0.7904092990200783
2021-09-20 10:30:00-04:00,-2.1324082193833647,-1.0588090830927357
2021-09-20 11:30:00-04:00,-2.644362976453067,-1.3759198617648019
2021-09-20 12:30:00-04:00,-3.058010295049712,-1.712337948421784
2021-09-20 13:30:00-04:00,-3.492826416812022,-2.068435642099832
2021-09-20 14:30:00-04:00,-3.7326583503640336,-2.4012801837526725
2021-09-20 15:30:00-04:00,-3.6251521846242554,-2.6460545839269893
2021-09-21 09:30:00-04:00,-3.3983017666762976,-2.796504020476851
2021-09-21 10:30:00-04:00,-3.246458061941894,-2.8864948287698597
2021-09-21 11:30:00-04:00,-2.9692331006846757,-2.903042483152823
2021-09-21 12:30:00-04:00,-2.8510251405305667,-2.8926390146283723
2021-09-21 13:30:00-04:00,-2.783756996068803,-2.8708626109164586
2021-09-21 14:30:00-04:00,-2.5357985176802913,-2.8038497922692254
2021-09-21 15:30:00-04:00,-2.4745682903092643,-2.7379934918772335
2021-09-22 09:30:00-04:00,-2.1020426972915516,-2.6108033329600975
2021-09-22 10:30:00-04:00,-1.7275503181463137,-2.434152729997341
2021-09-22 11:30:00-04:00,-1.3610504459329036,-2.2195322731844533
2021-09-22 12:30:00-04:00,-1.0990782302716298,-1.9954414646018888
2021-09-22 13:30:00-04:00,-0.7875730153683094,-1.753867774755173
2021-09-22 14:30:00-04:00,-0.5724332567887132,-1.5175808711618812
2021-09-22 15:30:00-04:00,-0.4890904148086861,-1.3118827798912422
2021-09-23 09:30:00-04:00,0.01574067226573561,-1.0463580894598465
2021-09-23 10:30:00-04:00,0.4174649180772576,-0.7535934879524258
2021-09-23 11:30:00-04:00,0.7553694161521776,-0.45180090713150517
2021-09-23 12:30:00-04:00,1.0673499420194617,-0.1479707373013118
2021-09-23 13:30:00-04:00,1.2900360334371612,0.13963061684638284
2021-09-23 14:30:00-04:00,1.4059278234964268,0.3928900581763916
2021-09-23 15:30:00-04:00,1.4320444648884063,0.6007209395187947
2021-09-24 09:30:00-04:00,1.4337935609080432,0.7673354637966444
2021-09-24 10:30:00-04:00,1.3550052830347568,0.884869427644267
2021-09-24 11:30:00-04:00,1.3635908791873703,0.9806137179528878
2021-09-24 12:30:00-04:00,1.3639509988104805,1.0572811741244064
2021-09-24 13:30:00-04:00,1.323164327343818,1.1104578047682887
2021-09-24 14:30:00-04:00,1.3483237970235677,1.1580310032193446
2021-09-24 15:30:00-04:00,1.340305543899774,1.1944859113554305
2021-09-27 09:30:00-04:00,1.310771604631725,1.2177430500106894
2021-09-27 10:30:00-04:00,1.2120673506295816,1.216607910134468
2021-09-27 11:30:00-04:00,1.1217207243742564,1.1976304729824256
2021-09-27 12:30:00-04:00,1.0397477536195652,1.1660539291098535
2021-09-27 13:30:00-04:00,1.0091383052707101,1.1346708043420248
2021-09-27 14:30:00-04:00,0.9409568506281971,1.0959280135992593
2021-09-27 15:30:00-04:00,0.8313445073024468,1.043011312339897
2021-09-28 09:30:00-04:00,0.19114964557246594,0.8726389789864109
2021-09-28 10:30:00-04:00,-0.4099279035378345,0.6161256024815618
2021-09-28 11:30:00-04:00,-0.8753875643745346,0.3178229691103425
2021-09-28 12:30:00-04:00,-1.2261003799570744,0.009038299296859148
2021-09-28 13:30:00-04:00,-1.4476155589983932,-0.28229247236219135
2021-09-28 14:30:00-04:00,-1.635979764194417,-0.5530299307286365
2021-09-28 15:30:00-04:00,-1.8486770578338678,-0.8121593561496828
2021-09-29 09:30:00-04:00,-1.7924294273472583,-1.008213370389198
2021-09-29 10:30:00-04:00,-1.7662232650446867,-1.1598153493202958
2021-09-29 11:30:00-04:00,-1.8252785707614976,-1.2929079936085364
2021-09-29 12:30:00-04:00,-1.842768382415784,-1.4028800713699858
2021-09-29 13:30:00-04:00,-1.710230701758519,-1.4643501974476927
2021-09-29 14:30:00-04:00,-1.5924830253999858,-1.4899767630381513
2021-09-29 15:30:00-04:00,-1.6176961270999186,-1.515520635850505
2021-09-30 09:30:00-04:00,-1.5639717684096581,-1.5252108623623357
2021-09-30 10:30:00-04:00,-1.5375623389598445,-1.5276811576818377
2021-09-30 11:30:00-04:00,-1.8431665816551686,-1.590778242476504
2021-09-30 12:30:00-04:00,-2.0208718668463916,-1.6767969673504817
2021-09-30 13:30:00-04:00,-1.9951145221594402,-1.7404604783122735
2021-09-30 14:30:00-04:00,-1.9845055134493919,-1.789269485339697
2021-09-30 15:30:00-04:00,-2.20206741405741,-1.87182907108324
2021-10-01 09:30:00-04:00,-2.464692163888401,-1.9904016896442722
2021-10-01 10:30:00-04:00,-2.426981480820814,-2.0777176478795805
2021-10-01 11:30:00-04:00,-2.2780407603978574,-2.117782270383236
2021-10-01 12:30:00-04:00,-2.0827388695233253,-2.110773590211254
2021-10-01 13:30:00-04:00,-1.760803882210837,-2.0407796486111707
2021-10-01 14:30:00-04:00,-1.4230957850087975,-1.917242875890696
2021-10-01 15:30:00-04:00,-1.1941434181454156,-1.7726229843416401
2021-10-04 09:30:00-04:00,-1.3401876501681613,-1.6861359175069444
2021-10-04 10:30:00-04:00,-1.603667265114666,-1.6696421870284888
2021-10-04 11:30:00-04:00,-1.826921662291852,-1.7010980820811614
2021-10-04 12:30:00-04:00,-1.998566410879505,-1.7605917478408304
2021-10-04 13:30:00-04:00,-2.068782320733362,-1.822229862419337
2021-10-04 14:30:00-04:00,-2.10939923231723,-1.8796637363989157
2021-10-04 15:30:00-04:00,-2.0330239013611617,-1.910335769391365
2021-10-05 09:30:00-04:00,-1.5471692864851434,-1.8377024728101208
2021-10-05 10:30:00-04:00,-1.0762895178928034,-1.6854198818266575
2021-10-05 11:30:00-04:00,-0.7294026246945577,-1.4942164304002374
2021-10-05 12:30:00-04:00,-0.42378521385006707,-1.2801301870902035
2021-10-05 13:30:00-04:00,-0.1316481775648981,-1.0504337851851424
2021-10-05 14:30:00-04:00,0.043292200242945,-0.8316885880995251
2021-10-05 15:30:00-04:00,0.07017378171354949,-0.6513161141369102
2021-10-06 09:30:00-04:00,-0.10963287690623247,-0.5429794666907747
2021-10-06 10:30:00-04:00,-0.3283919158228059,-0.500061956517181
2021-10-06 11:30:00-04:00,-0.4952459018440436,-0.4990987455825535
2021-10-06 12:30:00-04:00,-0.48630918712729,-0.49654083389150083
2021-10-06 13:30:00-04:00,-0.25598928279498523,-0.44843052367219777
2021-10-06 14:30:00-04:00,-0.0758110889005934,-0.3739066367178769
2021-10-06 15:30:00-04:00,0.1420001218722291,-0.2707252849998557
2021-10-07 09:30:00-04:00,0.8303487142156314,-0.050510485156758295
2021-10-07 10:30:00-04:00,1.315518333580144,0.22269527859062216
2021-10-07 11:30:00-04:00,1.6926106443848994,0.5166783517494776
2021-10-07 12:30:00-04:00,1.9851165330379672,0.8103659880071756
2021-10-07 13:30:00-04:00,2.091560790865401,1.0666049485788207
2021-10-07 14:30:00-04:00,2.1239825824119407,1.2780804753454449
2021-10-07 15:30:00-04:00,2.0478100642772006,1.432026393131796
2021-10-08 09:30:00-04:00,1.991916089111271,1.544004332327691
2021-10-08 10:30:00-04:00,1.9270191798684095,1.620607301835835
2021-10-08 11:30:00-04:00,1.7640708508655507,1.6493000116417782
2021-10-08 12:30:00-04:00,1.5851915644173573,1.6364783221968942
2021-10-08 13:30:00-04:00,1.561794123757636,1.6215414825090426
2021-10-08 14:30:00-04:00,1.50013692217766,1.5972605704427663
2021-10-08 15:30:00-04:00,1.3533653409862154,1.5484815245514563
2021-10-11 09:30:00-04:00,1.408022203910832,1.5203896604233316
2021-10-11 10:30:00-04:00,1.37337507030918,1.4909867424005014
2021-10-11 11:30:00-04:00,1.2707498223841185,1.446939358397225
2021-10-11 12:30:00-04:00,1.0035559619624905,1.358262679110278
2021-10-11 13:30:00-04:00,0.7899587026950599,1.2446018838272344
2021-10-11 14:30:00-04:00,0.559762864198035,1.1076340799013944
2021-10-11 15:30:00-04:00,0.2753096506883139,0.9411691940587784
2021-10-12 09:30:00-04:00,0.050904579648090476,0.7631162711766409
2021-10-12 10:30:00-04:00,-0.1163160237705938,0.587229812187194
2021-10-12 11:30:00-04:00,-0.21664917205600887,0.4264540153385534
2021-10-12 12:30:00-04:00,-0.3648217886549219,0.2681988545398584
2021-10-12 13:30:00-04:00,-0.4233080021184037,0.129897483208206
2021-10-12 14:30:00-04:00,-0.5249316364184438,-0.0010683407171239584
2021-10-12 15:30:00-04:00,-0.6416467707337006,-0.1291840267204393
2021-10-13 09:30:00-04:00,-0.8589984825009651,-0.27514691787654444
2021-10-13 10:30:00-04:00,-0.9437146791081545,-0.4088604701228665
2021-10-13 11:30:00-04:00,-0.918762604786366,-0.5108408970555665
2021-10-13 12:30:00-04:00,-0.8299997348660213,-0.5746726646176574
2021-10-13 13:30:00-04:00,-0.74991172437268,-0.609720476568662
2021-10-13 14:30:00-04:00,-0.696967159797282,-0.627169813214386
2021-10-13 15:30:00-04:00,-0.5917023002692758,-0.620076310625364
2021-10-14 09:30:00-04:00,-0.06773041173380534,-0.5096071308470522
2021-10-14 10:30:00-04:00,0.3874368352448414,-0.3301983376286735
2021-10-14 11:30:00-04:00,0.7998380813274935,-0.1041910538374401
2021-10-14 12:30:00-04:00,1.099093776873076,0.13646591230466312
2021-10-14 13:30:00-04:00,1.3840487068598009,0.3859824712156907
2021-10-14 14:30:00-04:00,1.5624153289578544,0.6212690427641234
2021-10-14 15:30:00-04:00,1.7110789201353782,0.8392310182383744
2021-10-15 09:30:00-04:00,1.9675175915060663,1.0648883328919128
2021-10-15 10:30:00-04:00,2.205120124456471,1.2929346912048245
2021-10-15 11:30:00-04:00,2.3485964261198546,1.5040670381878305
2021-10-15 12:30:00-04:00,2.444605458869546,1.6921747223241739
2021-10-15 13:30:00-04:00,2.5677592122715396,1.8672916203136471
2021-10-15 14:30:00-04:00,2.615441212428948,2.016921538736707
2021-10-15 15:30:00-04:00,2.6233901224577494,2.1382152554809157
2021-10-18 09:30:00-04:00,2.590947957000026,2.228761795784738
2021-10-18 10:30:00-04:00,2.5954336434740526,2.302096165322601
2021-10-18 11:30:00-04:00,2.5937003788824313,2.360417008034567
2021-10-18 12:30:00-04:00,2.565177633988071,2.401369133225268
2021-10-18 13:30:00-04:00,2.5080157651337913,2.422698459606973
2021-10-18 14:30:00-04:00,2.4617716638958314,2.430513100464745
2021-10-18 15:30:00-04:00,2.409451477586913,2.4263007758891786
2021-10-19 09:30:00-04:00,2.539633441738431,2.448967309059029
2021-10-19 10:30:00-04:00,2.6414053810850078,2.4874549234642247
2021-10-19 11:30:00-04:00,2.6998135054146815,2.5299266398543163
2021-10-19 12:30:00-04:00,2.718398565658447,2.5676210250151423
2021-10-19 13:30:00-04:00,2.6876222191699526,2.591621263846105
2021-10-19 14:30:00-04:00,2.660410291805931,2.6053790694380705
2021-10-19 15:30:00-04:00,2.631897186668425,2.610682692884142
2021-10-20 09:30:00-04:00,2.723951998580503,2.633336554023414
2021-10-20 10:30:00-04:00,2.727539551577138,2.652177153534159
2021-10-20 11:30:00-04:00,2.7231905874583617,2.6663798403189998
2021-10-20 12:30:00-04:00,2.6472691633406953,2.662557704923339
2021-10-20 13:30:00-04:00,2.5851470247952193,2.6470755688977152
2021-10-20 14:30:00-04:00,2.4946508936855594,2.6165906338552842
2021-10-20 15:30:00-04:00,2.427231075918769,2.5787187222679813
2021-10-21 09:30:00-04:00,2.353129223593612,2.5336008225331077
2021-10-21 10:30:00-04:00,2.186090784550629,2.4640988149366123
2021-10-21 11:30:00-04:00,2.091731122179681,2.3896252763852264
2021-10-21 12:30:00-04:00,2.0019429149366488,2.312088804095511
2021-10-21 13:30:00-04:00,1.9135752980295138,2.2323861028823115
2021-10-21 14:30:00-04:00,1.8919283007734862,2.1642945424605466
2021-10-21 15:30:00-04:00,1.8829232461658876,2.108020283201615
2021-10-22 09:30:00-04:00,1.9373738337899908,2.07389099331929
2021-10-22 10:30:00-04:00,1.780066036458038,2.01512600194704
2021-10-22 11:30:00-04:00,1.6309489040071412,1.9382905823590602
2021-10-22 12:30:00-04:00,1.5370135346134361,1.8580351728099354
2021-10-22 13:30:00-04:00,1.4897777282703828,1.7843836839020248
2021-10-22 14:30:00-04:00,1.3994944343300517,1.7074058339876304
2021-10-22 15:30:00-04:00,1.3259740801617,1.6311194832224445
2021-10-25 09:30:00-04:00,1.3162824720159847,1.5681520809811527
2021-10-25 10:30:00-04:00,1.3495279568494425,1.5244272561548107
2021-10-25 11:30:00-04:00,1.4176317479648333,1.5030681545168154
2021-10-25 12:30:00-04:00,1.47796865629158,1.4980482548717684
2021-10-25 13:30:00-04:00,1.5195650404190815,1.5023516119812312
2021-10-25 14:30:00-04:00,1.50851410437906,1.503584110460797
2021-10-25 15:30:00-04:00,1.485856484519445,1.5000385852725269
2021-10-26 09:30:00-04:00,1.668948170347221,1.5338205022874658
2021-10-26 10:30:00-04:00,1.7989613498325525,1.5868486717964834
2021-10-26 11:30:00-04:00,1.7518906635516487,1.6198570701475166
2021-10-26 12:30:00-04:00,1.6631365753032128,1.628512971178656
2021-10-26 13:30:00-04:00,1.6185228776557778,1.6265149524740805
2021-10-26 14:30:00-04:00,1.55953979092709,1.6131199201646826
2021-10-26 15:30:00-04:00,1.433333312766365,1.5771625986850193
2021-10-27 09:30:00-04:00,1.3085470505826038,1.5234394890645362
2021-10-27 10:30:00-04:00,1.2197984691018178,1.4627112850719928
2021-10-27 11:30:00-04:00,1.1491290923366932,1.399994846524933
2021-10-27 12:30:00-04:00,1.118957333468984,1.3437873439137433
2021-10-27 13:30:00-04:00,1.0777807104971657,1.290586017230428
2021-10-27 14:30:00-04:00,0.9211577475924742,1.2167003633028375
2021-10-27 15:30:00-04:00,0.674273250485669,1.1082149407394037
2021-10-28 09:30:00-04:00,0.7252412642542367,1.0316202054423704
2021-10-28 10:30:00-04:00,0.7936030861104086,0.9840167815759782
2021-10-28 11:30:00-04:00,0.8205690533079064,0.9513272359223638
2021-10-28 12:30:00-04:00,0.8124020013593736,0.9235421890097658
2021-10-28 13:30:00-04:00,0.854979666105578,0.9098296844289283
2021-10-28 14:30:00-04:00,0.8355172726097067,0.894967202065084
2021-10-28 15:30:00-04:00,0.8929125390442323,0.8945562694609136
2021-10-29 09:30:00-04:00,0.8056535142379744,0.8767757184163258
2021-10-29 10:30:00-04:00,0.8334066743503854,0.8681019096031378
2021-10-29 11:30:00-04:00,0.9318083007012206,0.8808431878227544
2021-10-29 12:30:00-04:00,0.9751501092079593,0.8997045720997955
2021-10-29 13:30:00-04:00,0.9166254654116983,0.9030887507621761
2021-10-29 14:30:00-04:00,0.8663108297743065,0.8957331665646022
2021-10-29 15:30:00-04:00,0.9219185227656794,0.9009702378048178
2021-11-01 09:30:00-04:00,0.9406212195170269,0.9089004341472597
2021-11-01 10:30:00-04:00,0.9597118892831418,0.9190627251744362
2021-11-01 11:30:00-04:00,0.9992288044241491,0.9350959410243789
2021-11-01 12:30:00-04:00,0.9848999675094774,0.9450567463213986
2021-11-01 13:30:00-04:00,0.9129914395812193,0.9386436849733628
2021-11-01 14:30:00-04:00,0.9068759481250481,0.9322901376036999
2021-11-01 15:30:00-04:00,0.9467903353736915,0.9351901771576984
2021-11-02 09:30:00-04:00,1.0582139972201503,0.9597949411701888
2021-11-02 10:30:00-04:00,1.1789229889495232,1.0036205507260558
2021-11-02 11:30:00-04:00,1.2520828461328506,1.0533130098074148
2021-11-02 12:30:00-04:00,1.2839638124708586,1.0994431703401037
2021-11-02 13:30:00-04:00,1.2867312663551616,1.1369007895431154
2021-11-02 14:30:00-04:00,1.3021566100907194,1.1699519536526362
2021-11-02 15:30:00-04:00,1.3045879817326522,1.1968791592686394
2021-11-03 09:30:00-04:00,1.242966002903131,1.2060965279955378
2021-11-03 10:30:00-04:00,1.1745379402632352,1.1997848104490774
2021-11-03 11:30:00-04:00,1.122298802524199,1.1842876088641017
2021-11-03 12:30:00-04:00,1.0625995279001472,1.1599499926713108
2021-11-03 13:30:00-04:00,1.0878761555031815,1.145535225237685
2021-11-03 14:30:00-04:00,1.2453978641261187,1.1655077530153717
2021-11-03 15:30:00-04:00,1.3943621472479322,1.2112786318618838
2021-11-04 09:30:00-04:00,1.6491414184483801,1.2988511891791832
2021-11-04 10:30:00-04:00,1.7238629437780446,1.3838535400989556
2021-11-04 11:30:00-04:00,1.8122210220229817,1.469527036483761
2021-11-04 12:30:00-04:00,1.8711636706151467,1.5498543633100381
2021-11-04 13:30:00-04:00,1.8944254406936807,1.6187685787867667
2021-11-04 14:30:00-04:00,1.8846808850964294,1.6719510400486992
2021-11-04 15:30:00-04:00,1.9273628018255522,1.7230333924040697
2021-11-05 09:30:00-04:00,2.1853342358829764,1.815493561099851
2021-11-05 10:30:00-04:00,2.333825298806971,1.9191599086412752
2021-11-05 11:30:00-04:00,2.4147943907303784,2.018286805059096
2021-11-05 12:30:00-04:00,2.2456978597842863,2.063769016004134
2021-11-05 13:30:00-04:00,2.2240348335308795,2.0958221795094834
2021-11-05 14:30:00-04:00,2.152192232950199,2.1070961901976264
2021-11-05 15:30:00-04:00,2.088936146240087,2.103464181406119
2021-11-08 09:30:00-05:00,2.0866715604790897,2.100105657220713
2021-11-08 10:30:00-05:00,2.049050007488745,2.0898945272743195
2021-11-08 11:30:00-05:00,1.9459666347792108,2.061108948775298
2021-11-08 12:30:00-05:00,1.8629700705790242,2.021481173136043
2021-11-08 13:30:00-05:00,1.7850883545893907,1.9742026094267127
2021-11-08 14:30:00-05:00,1.7144970386975729,1.922261495280885
2021-11-08 15:30:00-05:00,1.6292812644987862,1.8636654491244653
2021-11-09 09:30:00-05:00,1.4035522562139704,1.7716428105423663
2021-11-09 10:30:00-05:00,1.170019607380084,1.65131816990991
2021-11-09 11:30:00-05:00,0.9521812904523586,1.5114907940183997
2021-11-09 12:30:00-05:00,0.7834205660361704,1.3658767484219538
2021-11-09 13:30:00-05:00,0.6510489502451833,1.2229111887865998
2021-11-09 14:30:00-05:00,0.5494918936576028,1.0882273297608005
2021-11-09 15:30:00-05:00,0.509133053036237,0.9724084744158878
2021-11-10 09:30:00-05:00,0.4358123830080558,0.8650892561343214
2021-11-10 10:30:00-05:00,0.357447935445407,0.7635609919965386
2021-11-10 11:30:00-05:00,0.2393595908239945,0.6587207117620297
2021-11-10 12:30:00-05:00,0.06271176060283778,0.5395189215301913
2021-11-10 13:30:00-05:00,-0.25708469528689193,0.3801981981667747
2021-11-10 14:30:00-05:00,-0.4221433393024654,0.2197298906729267
2021-11-10 15:30:00-05:00,-0.5610104295274141,0.06358182663285854
2021-11-11 09:30:00-05:00,-0.6139578506455905,-0.07192610882283128
2021-11-11 10:30:00-05:00,-0.6347479827197731,-0.18449048360221965
2021-11-11 11:30:00-05:00,-0.6594954215521511,-0.27949147119220596
2021-11-11 12:30:00-05:00,-0.6677780084926326,-0.35714877865229133
2021-11-11 13:30:00-05:00,-0.6546918839145519,-0.41665739970474347
2021-11-11 14:30:00-05:00,-0.6481451712919579,-0.46295495402218634
2021-11-11 15:30:00-05:00,-0.6739211854252289,-0.505148200302795
2021-11-12 09:30:00-05:00,-0.6313931249853226,-0.5303971852393005
2021-11-12 10:30:00-05:00,-0.40501018155407564,-0.5053197845022556
2021-11-12 11:30:00-05:00,-0.19502807525651633,-0.44326144265310774
2021-11-12 12:30:00-05:00,-0.06905207997056095,-0.3684195701165984
2021-11-12 13:30:00-05:00,0.018865470310004184,-0.2909625620312779
2021-11-12 14:30:00-05:00,0.14696156070078814,-0.2033777374848647
2021-11-12 15:30:00-05:00,0.24485090448814617,-0.11373200909026253
2021-11-15 09:30:00-05:00,0.35704355135021615,-0.01957689700216679
2021-11-15 10:30:00-05:00,0.4352927054691236,0.07139702349209129
2021-11-15 11:30:00-05:00,0.40548321272035537,0.13821426133774412
2021-11-15 12:30:00-05:00,0.4293586706826318,0.19644314320672168
2021-11-15 13:30:00-05:00,0.406477062462443,0.23844992705786594
2021-11-15 14:30:00-05:00,0.4337752091564653,0.27751498347758585
2021-11-15 15:30:00-05:00,0.4506185887091192,0.3121357045238925
2021-11-16 09:30:00-05:00,0.5129241441051704,0.3522933924401481
2021-11-16 10:30:00-05:00,0.6875171932762782,0.41933815260737417
2021-11-16 11:30:00-05:00,0.8100909702720287,0.4974887161403051
2021-11-16 12:30:00-05:00,0.9295995951489431,0.5839108919420327
2021-11-16 13:30:00-05:00,1.0166256112847805,0.6704538358105823
2021-11-16 14:30:00-05:00,1.0389215003741015,0.7441473687232861
2021-11-16 15:30:00-05:00,1.0086518186111562,0.7970482587008603
2021-11-17 09:30:00-05:00,0.8745250484636813,0.8125436166534246
2021-11-17 10:30:00-05:00,0.7917814696485834,0.8083911872524564
2021-11-17 11:30:00-05:00,0.6632870488697336,0.7793703595759118
2021-11-17 12:30:00-05:00,0.6108973847307766,0.7456757646068848
2021-11-17 13:30:00-05:00,0.5421480382503319,0.7049702193355742
2021-11-17 14:30:00-05:00,0.5004547196807039,0.6640671194046003
2021-11-17 15:30:00-05:00,0.4397473071511513,0.6192031569539106
2021-11-18 09:30:00-05:00,0.2842689241315952,0.5522163103894475
2021-11-18 10:30:00-05:00,0.25175174895252894,0.49212339810206385
2021-11-18 11:30:00-05:00,0.3749728285294509,0.4686932841875413
2021-11-18 12:30:00-05:00,0.4113989361439394,0.4572344145788209
2021-11-18 13:30:00-05:00,0.41929664709755343,0.44964686108256746
2021-11-18 14:30:00-05:00,0.48053506283497427,0.45582450143304887
2021-11-18 15:30:00-05:00,0.5222391957095169,0.4691074402883425
2021-11-19 09:30:00-05:00,0.4800718448142902,0.47130032119353205
2021-11-19 10:30:00-05:00,0.5391707077492924,0.48487439850468417
2021-11-19 11:30:00-05:00,0.606453489599005,0.5091902167235484
2021-11-19 12:30:00-05:00,0.5557307996158443,0.5184983333020076
2021-11-19 13:30:00-05:00,0.5264188787243143,0.520082442386469
2021-11-19 14:30:00-05:00,0.48149192991098744,0.5123643398913726
2021-11-19 15:30:00-05:00,0.4160765159966786,0.4931067751124339
2021-11-22 09:30:00-05:00,0.7031024798504859,0.5351059160600443
2021-11-22 10:30:00-05:00,0.8382019130095273,0.595725115449941
2021-11-22 11:30:00-05:00,0.7841257393036472,0.6334052402206822
2021-11-22 12:30:00-05:00,0.7870693253084369,0.6641380572382333
2021-11-22 13:30:00-05:00,0.7843937328675565,0.6881891923640979
2021-11-22 14:30:00-05:00,0.7980876610382097,0.7101688860989204
2021-11-22 15:30:00-05:00,0.4957900768847594,0.6672931242560882
2021-11-23 09:30:00-05:00,0.1376267214813538,0.5613598437011413
2021-11-23 10:30:00-05:00,-0.10386944998407444,0.42831398496409817
2021-11-23 11:30:00-05:00,-0.31422823965181124,0.27980554004091635
2021-11-23 12:30:00-05:00,-0.5464541936805176,0.11455359329662955
2021-11-23 13:30:00-05:00,-0.6743089064353285,-0.04321890664976205
2021-11-23 14:30:00-05:00,-0.6718665760149065,-0.16894844052279095
2021-11-23 15:30:00-05:00,-0.5793328255092547,-0.2510253175200837
2021-11-24 09:30:00-05:00,-0.572825674079013,-0.3153853888318696
2021-11-24 10:30:00-05:00,-0.47743740617318053,-0.34779579230013186
2021-11-24 11:30:00-05:00,-0.44193673048658866,-0.36662397993742324
2021-11-24 12:30:00-05:00,-0.3293144150001126,-0.3591620669499611
2021-11-24 13:30:00-05:00,-0.3139052022462465,-0.35011069400921824
2021-11-24 14:30:00-05:00,-0.18099013530616048,-0.3162865822686067
2021-11-24 15:30:00-05:00,-0.07239876843988213,-0.26750901950286177
2021-11-26 09:30:00-05:00,-0.6533884233736558,-0.3446849002770206
2021-11-26 10:30:00-05:00,-1.2654640161198927,-0.528840723445595
2021-11-26 11:30:00-05:00,-1.5965799719473353,-0.742388573145943
2021-11-26 13:00:00-05:00,-2.0396226223988947,-1.0018353829965334
2021-11-29 09:30:00-05:00,-2.004517888451801,-1.202371884087587
2021-11-29 10:30:00-05:00,-1.9174761957696091,-1.3453927464239914
2021-11-29 11:30:00-05:00,-1.6192231627023261,-1.4001588296796585
2021-11-29 12:30:00-05:00,-1.3368800465326558,-1.387503073050258
2021-11-29 13:30:00-05:00,-1.1131023990077438,-1.3326229382417552
2021-11-29 14:30:00-05:00,-0.9354638635472838,-1.253191123302861
2021-11-29 15:30:00-05:00,-0.8757706556069138,-1.1777070297636718
2021-11-30 09:30:00-05:00,-0.9634094500074184,-1.1348475138124212
2021-11-30 10:30:00-05:00,-1.3529454420279876,-1.1784670994555346
2021-11-30 11:30:00-05:00,-1.7208967914716027,-1.2869530378587482
2021-11-30 12:30:00-05:00,-2.0350370735492334,-1.4365698449968454
2021-11-30 13:30:00-05:00,-2.1470827120703007,-1.5786724184115364
2021-11-30 14:30:00-05:00,-2.369943736984851,-1.7369266821261993
2021-11-30 15:30:00-05:00,-2.5725849770501554,-1.9040583411109906
2021-12-01 09:30:00-05:00,-2.1875013853489804,-1.9607469499585886
2021-12-01 10:30:00-05:00,-1.7022425542820088,-1.9090460708232726
2021-12-01 11:30:00-05:00,-1.4337601426155402,-1.813988885181726
2021-12-01 12:30:00-05:00,-1.395317860882983,-1.7302546803219776
2021-12-01 13:30:00-05:00,-1.4733602467724722,-1.6788757936120766
2021-12-01 14:30:00-05:00,-1.9030146446303888,-1.7237035638157392
2021-12-01 15:30:00-05:00,-2.485186203714875,-1.8760000917955666
2021-12-02 09:30:00-05:00,-2.556401017827966,-2.0120802770020463
2021-12-02 10:30:00-05:00,-2.4777660298617548,-2.105217427573988
2021-12-02 11:30:00-05:00,-2.2371503718377994,-2.13160401642675
2021-12-02 12:30:00-05:00,-2.14678498938531,-2.1346402110184624
2021-12-02 13:30:00-05:00,-1.8943724542870655,-2.086586659672183
2021-12-02 14:30:00-05:00,-1.76277239570328,-2.0218238068784027
2021-12-02 15:30:00-05:00,-1.64994912227138,-1.9474488699569983
2021-12-03 09:30:00-05:00,-1.684746185341055,-1.8949083330338097
2021-12-03 10:30:00-05:00,-1.8890480894577877,-1.8937362843186054
2021-12-03 11:30:00-05:00,-2.0969898246365233,-1.9343869923821893
2021-12-03 12:30:00-05:00,-2.255154338705154,-1.9985404616467823
2021-12-03 13:30:00-05:00,-2.449896175617539,-2.088811604440934
2021-12-03 14:30:00-05:00,-2.5538135588172963,-2.1818119953162065
2021-12-03 15:30:00-05:00,-2.4186621492623317,-2.2291820261054314
2021-12-06 09:30:00-05:00,-1.9126745076634393,-2.165880522417033
2021-12-06 10:30:00-05:00,-1.543110817821855,-2.0413265814979975
2021-12-06 11:30:00-05:00,-1.140253838407034,-1.8611120328798048
2021-12-06 12:30:00-05:00,-0.680007360360662,-1.6248910983759761
2021-12-06 13:30:00-05:00,-0.32283284400699586,-1.3644794475021802
2021-12-06 14:30:00-05:00,-0.13344915751355302,-1.1182733895044548
2021-12-06 15:30:00-05:00,-0.002695357361801598,-0.8951577830759242
2021-12-07 09:30:00-05:00,0.7961889277902401,-0.5568884409026914
2021-12-07 10:30:00-05:00,1.4756434156669798,-0.15038206958875716
2021-12-07 11:30:00-05:00,1.9756069638871736,0.27481573710642904
2021-12-07 12:30:00-05:00,2.3519814521092144,0.6902488801069862
2021-12-07 13:30:00-05:00,2.630429301600259,1.0782849644056407
2021-12-07 14:30:00-05:00,2.7348479019089496,1.4095975519063026
2021-12-07 15:30:00-05:00,2.8636685033176263,1.7004117421885674
2021-12-08 09:30:00-05:00,2.868145235998554,1.933958440950565
2021-12-08 10:30:00-05:00,2.8764675100712225,2.1224602547746967
2021-12-08 11:30:00-05:00,2.843817120719393,2.2667316279636363
2021-12-08 12:30:00-05:00,2.844858719032345,2.382357046177378
2021-12-08 13:30:00-05:00,2.834794763291427,2.472844589600188
2021-12-08 14:30:00-05:00,2.8448613440231156,2.5472479404847737
2021-12-08 15:30:00-05:00,2.8251143239824614,2.602821217184311
2021-12-09 09:30:00-05:00,2.6172659913323173,2.6057101720139126
2021-12-09 10:30:00-05:00,2.509392248970073,2.5864465874051445
2021-12-09 11:30:00-05:00,2.3579872467972223,2.54075471928356
2021-12-09 12:30:00-05:00,2.244004974119946,2.4814047702508373
2021-12-09 13:30:00-05:00,2.0972191380046183,2.4045676438015935
2021-12-09 14:30:00-05:00,1.8546133269310303,2.294576780427481
2021-12-09 15:30:00-05:00,1.605909379544471,2.156843300250879
2021-12-10 09:30:00-05:00,1.638454266912447,2.053165493583193
2021-12-10 10:30:00-05:00,1.5328016299309297,1.9490927208527404
2021-12-10 11:30:00-05:00,1.4772296924693364,1.8547201151760597
2021-12-10 12:30:00-05:00,1.4695057636011484,1.7776772448610776
2021-12-10 13:30:00-05:00,1.4618646378638118,1.7145147234616247
2021-12-10 14:30:00-05:00,1.441611639832729,1.6599341067358457
2021-12-10 15:30:00-05:00,1.5106249485647254,1.6300722751016217
2021-12-13 09:30:00-05:00,1.3153430612940156,1.5671264323401004
2021-12-13 10:30:00-05:00,1.0819410774685139,1.4700893613657833
2021-12-13 11:30:00-05:00,0.9561477823669975,1.3673010455660262
2021-12-13 12:30:00-05:00,0.8163841655323836,1.2571176695592976
2021-12-13 13:30:00-05:00,0.7382613383348371,1.1533464033144054
2021-12-13 14:30:00-05:00,0.6598670002254039,1.0546505226966052
2021-12-13 15:30:00-05:00,0.4904134833636249,0.9418031148300091
2021-12-14 09:30:00-05:00,0.09519580458828614,0.7724816527816646
2021-12-14 10:20:00-05:00,-0.2203186584379182,0.5739215905377482
2021-12-14 11:20:00-05:00,-0.6653891040780309,0.32174551934512075
2021-12-14 12:20:00-05:00,-1.05827322181392,0.04125936298298952
2021-12-14 13:20:01-05:00,-1.2248757509349275,-0.19538887480190573
2021-12-14 14:19:59-05:00,-1.262381290709584,-0.3932687581382016
2021-12-14 15:20:01-05:00,-1.1236839972665962,-0.5211922472194306
2021-12-15 10:19:57-05:00,-1.3302934281808803,-0.7950904810785842
2021-12-15 11:20:00-05:00,-1.4181009215209315,-0.9181405409710013
2021-12-15 12:20:00-05:00,-1.4970882498332685,-1.033864457388334
2021-12-15 13:19:57-05:00,-1.3014990304779417,-1.0497124289071746
2021-12-15 14:20:00-05:00,-0.8327874838479374,-0.969040776992846
2021-12-15 15:20:00-05:00,-0.24241053099189003,-0.8146576755086814
2021-12-16 10:24:59-05:00,0.8105115924642519,-0.25999708365218527
2021-12-16 11:24:59-05:00,1.0290208735854662,0.00046479565549076285
2021-12-16 12:24:59-05:00,1.0099888915731867,0.18904197976502474
2021-12-16 13:24:59-05:00,0.9785478140842656,0.3319334517882194
2021-12-16 14:24:59-05:00,0.7078048197967064,0.3851620201754942
2021-12-16 15:25:00-05:00,0.603889772276716,0.4320555843724999
2021-12-17 11:06:27-05:00,-0.4690226461963789,0.08703977109341449
2021-12-17 12:08:46-05:00,-0.9734987592044604,-0.13657174806299557
2021-12-17 13:08:46-05:00,-0.9729673474279252,-0.2537898484941865
2021-12-17 14:08:45-05:00,-0.75761508888138,-0.2953182879883943
2021-12-17 15:08:46-05:00,-0.9107069781777568,-0.4422094300368011
2021-12-20 10:25:00-05:00,-2.501274300401235,-1.13563082742069
2021-12-20 11:25:00-05:00,-2.9993117651783905,-1.5230857156371957
2021-12-20 12:24:57-05:00,-3.296179203880797,-1.8858610986770552
2021-12-20 13:25:00-05:00,-3.4999043433104475,-2.208438064248154
2021-12-20 14:25:00-05:00,-3.413334028380632,-2.429026637115958
2021-12-20 15:25:01-05:00,-3.385155399078485,-2.6239151913652723
2021-12-21 10:25:01-05:00,-2.6590710024357236,-2.668539034490158
2021-12-21 11:25:00-05:00,-2.3740425147587985,-2.6216266285423737
2021-12-21 12:25:00-05:00,-1.7347939328921598,-2.408138633449372
2021-12-21 13:25:00-05:00,-1.2274168371715746,-2.1535135282037654
2021-12-21 14:25:01-05:00,-0.8758041380968962,-1.8968052418588268
2021-12-21 15:25:00-05:00,-0.5258774501481298,-1.6111479790903351
2021-12-22 10:25:00-05:00,0.23260066531054235,-0.9877841505217028
2021-12-22 11:25:00-05:00,0.7025159587244616,-0.6324316047938217
2021-12-22 12:25:00-05:00,0.9763589696830195,-0.3069335120434147
2021-12-22 13:25:00-05:00,1.2243192414559303,0.010607394457159913
2021-12-22 14:24:57-05:00,1.3054912879879907,0.26362984227688374
2021-12-22 15:24:59-05:00,1.4361349392561351,0.4941301990106779
2021-12-23 10:25:00-05:00,2.225067333136167,1.0842804621079458
2021-12-23 11:25:00-05:00,2.4743542043809157,1.3640647150207101
2021-12-23 12:25:00-05:00,2.580727229591787,1.5997194695298893
2021-12-23 13:25:00-05:00,2.6570472883520893,1.8112390633955338
2021-12-23 14:25:00-05:00,2.802918971733561,2.0248572356944448
2021-12-23 15:25:00-05:00,2.801756922223433,2.1774560578789286
2021-12-27 09:30:00-05:00,2.9806725456570575,2.3264662988911313
2021-12-27 10:30:00-05:00,3.1819352206085227,2.4975600832346094
2021-12-27 11:30:00-05:00,3.3464334527876076,2.667334757145209
2021-12-27 12:30:00-05:00,3.461906990333773,2.8262492037829223
2021-12-27 13:30:00-05:00,3.5611887637841164,2.973237115783161
2021-12-27 14:30:00-05:00,3.5724633815813718,3.0930823689428033
2021-12-27 15:30:00-05:00,3.62035701795719,3.1985372987456806
2021-12-28 11:24:59-05:00,3.562051075827185,3.4008200101706887
2021-12-28 12:24:58-05:00,3.469092318743378,3.4156783403983733
2021-12-28 13:25:00-05:00,3.198496728833959,3.3478393574942724
2021-12-28 14:25:01-05:00,3.0584413622965485,3.295942711045914
2021-12-28 15:24:59-05:00,2.9404936657656435,3.228412375716977
2021-12-29 09:54:58-05:00,2.771157030344341,3.076535496490574
2021-12-29 10:54:57-05:00,2.5386623310683945,2.9365306891824696
2021-12-29 11:54:58-05:00,2.287803961779616,2.7844437113034273
2021-12-29 12:54:56-05:00,2.12292879919994,2.6436356645277677
2021-12-29 13:54:55-05:00,2.0496530810216314,2.5315494369323357
2021-12-29 14:54:59-05:00,2.0173245830212636,2.439665383484928
2021-12-29 15:54:58-05:00,2.016842735558612,2.3694372989226853
2021-12-30 10:24:58-05:00,2.0339097636971246,2.301625347860261
2021-12-30 11:24:58-05:00,1.9025819226156955,2.212015302604018
2021-12-30 12:24:58-05:00,1.7746116596813977,2.1218181685114184
2021-12-30 13:24:57-05:00,1.7214712678556907,2.0497369506364667
2021-12-30 14:24:59-05:00,1.6095005379241911,1.9591732818253362
2021-12-30 15:24:58-05:00,1.4917921858723275,1.867668153924308
2021-12-31 10:24:57-05:00,0.9385128654554364,1.546413158724234
2021-12-31 11:24:55-05:00,0.8011184633131734,1.4018857857539966
2021-12-31 12:24:58-05:00,0.5733533778557103,1.2272989556673537
2021-12-31 13:24:56-05:00,0.5682005944082107,1.1087346292591338
2021-12-31 14:24:58-05:00,0.4600316558378381,0.976872568751256
2021-12-31 15:24:58-05:00,0.42711676924449193,0.873642738349043
2022-01-03 10:44:32-05:00,0.249500490847538,0.5860048798826416
2022-01-03 11:44:32-05:00,0.09973918194299358,0.4727103672602368
2022-01-03 12:44:30-05:00,0.10818380263657446,0.41495639625665615
2022-01-03 13:44:34-05:00,0.18030633243921557,0.38572590690917574
2022-01-03 14:44:32-05:00,0.384319371060883,0.4153924191499709
2022-01-03 15:44:34-05:00,0.31637086269114434,0.3830724197626364
2022-01-04 10:25:01-05:00,0.6938666464818084,0.4962123392251919
2022-01-04 11:25:00-05:00,0.4557787026475921,0.4598769802275087
2022-01-04 12:25:01-05:00,0.536098880991517,0.48968124930165563
2022-01-04 13:24:57-05:00,0.4097322775047587,0.46103902057563934
2022-01-04 14:25:00-05:00,0.2916190587396841,0.4200438463605535
2022-01-04 15:25:01-05:00,0.48998206565880764,0.4610490039655487
2022-01-05 10:25:00-05:00,0.41850278107870054,0.44418589343064696
2022-01-05 11:24:57-05:00,0.34137010557338954,0.422669813240615
2022-01-05 12:24:58-05:00,0.3239218837813951,0.40993983678655355
2022-01-05 13:24:57-05:00,0.12640835359911762,0.3400972416345876
2022-01-05 14:25:00-05:00,-0.2907432461163353,0.18374351507417708
2022-01-05 15:25:00-05:00,-0.9050757889958732,-0.07660671327262397
2022-01-06 10:24:59-05:00,-1.9294855410549872,-0.7125648828217487
2022-01-06 11:25:00-05:00,-1.9310735026709835,-0.9292534919807436
2022-01-06 12:24:58-05:00,-2.0258414142029437,-1.1548026800076987
2022-01-06 13:25:00-05:00,-2.127951693339469,-1.3529326411422287
2022-01-06 14:24:58-05:00,-2.201061226530385,-1.5290600315207508
2022-01-06 15:25:00-05:00,-2.207086444081426,-1.6619826935400053
2022-01-07 10:25:00-05:00,-2.4228213905875577,-1.9264492644175437
2022-01-07 11:25:00-05:00,-2.5886011587318762,-2.0683505809212095
2022-01-07 12:24:59-05:00,-2.437719969617433,-2.115133037045566
2022-01-07 13:25:00-05:00,-2.353934744858634,-2.156400914216905
2022-01-07 14:25:01-05:00,-2.409788200620028,-2.2208376585632377
2022-01-07 15:25:00-05:00,-2.2547476427396305,-2.214049798835339
2022-01-10 10:24:59-05:00,-3.4050256805400636,-2.5814131095215496
2022-01-10 11:25:00-05:00,-3.4412653267490327,-2.7239436947145776
2022-01-10 12:25:00-05:00,-3.755715028890563,-2.9435880680753757
2022-01-10 13:25:00-05:00,-3.5513623031824864,-3.035726042275661
2022-01-10 14:25:00-05:00,-3.185925950799117,-3.0391942967444825
2022-01-10 15:25:00-05:00,-3.0310855946441393,-3.0368511046608146
2022-01-11 10:25:01-05:00,-2.3642090340482014,-2.7958945235076835
2022-01-11 11:25:00-05:00,-1.8517236572749312,-2.5748471207431627
2022-01-11 12:25:00-05:00,-1.3745309205239664,-2.312865319485064
2022-01-11 13:25:00-05:00,-1.0135290744321992,-2.058857280062651
2022-01-11 14:25:01-05:00,-0.7592531241500637,-1.805812942247662
2022-01-11 15:25:00-05:00,-0.3651780655014818,-1.500016047956259
2022-01-12 10:24:58-05:00,0.5515552818349079,-0.8164961655299374
2022-01-12 11:24:58-05:00,0.41246180029327206,-0.6172089190160533
2022-01-12 12:24:54-05:00,0.7152376914548313,-0.3177886419618491
2022-01-12 13:24:58-05:00,0.811179551453165,-0.09485936190949779
2022-01-12 14:25:00-05:00,0.894088332332899,0.10329670938647115
2022-01-12 15:24:59-05:00,0.8903818375118249,0.25838135847977095
2022-01-13 10:02:33-05:00,1.1499056390312603,0.5717588713231176
2022-01-13 11:02:32-05:00,0.8889119425789431,0.5916494650044876
2022-01-13 12:02:34-05:00,0.9163274882300243,0.6754907358411661
2022-01-13 13:02:34-05:00,0.2641632562717291,0.4937562135432929
2022-01-13 14:02:34-05:00,0.43511538409040895,0.5343434797261245
2022-01-13 15:02:34-05:00,-0.03710041617750903,0.36043603118724077
2022-01-13 16:00:02-05:00,-0.49709825618282366,0.15207430995146357
2022-01-14 10:30:00-05:00,-0.9054734479242939,-0.07819765036656552
2022-01-14 11:30:00-05:00,-1.354523529612834,-0.35477809731623966
2022-01-14 12:29:59-05:00,-1.4662379744651162,-0.5658192942608181
2022-01-14 13:29:59-05:00,-1.8565739384226276,-0.8481661863653409
2022-01-14 14:30:00-05:00,-1.878050773415623,-1.0409966806094437
2022-01-14 15:30:00-05:00,-1.6254309927909958,-1.1298486878155247
2022-01-18 10:25:02-05:00,-2.1182791251625304,-1.4378431276352432
2022-01-18 11:25:02-05:00,-2.42484976021575,-1.6417508792780116
2022-01-18 12:25:01-05:00,-2.706951039938531,-1.8685953818803962
2022-01-18 13:25:02-05:00,-2.967132796485714,-2.0993700736651766
2022-01-18 14:25:03-05:00,-2.9146651910046444,-2.244775190578694
2022-01-18 15:25:03-05:00,-2.9057812972650368,-2.3720171233346736
2022-01-19 10:25:00-05:00,-2.8472467177519434,-2.560495416631227
2022-01-19 11:25:00-05:00,-3.1009695735606897,-2.7087084715210556
2022-01-19 12:25:00-05:00,-2.631003443256816,-2.6392531693755847
2022-01-19 13:25:00-05:00,-2.5207754121794324,-2.6192257422375533
2022-01-19 14:25:00-05:00,-2.778425460477763,-2.694967758514865
2022-01-19 15:24:59-05:00,-2.7205742071431587,-2.7026076199939473
2022-01-20 10:25:01-05:00,-2.5954085771114705,-2.743999734437137
2022-01-20 11:25:02-05:00,-2.2280347227817856,-2.6223753580519302
2022-01-20 12:25:01-05:00,-2.0208532296157387,-2.496242316677729
2022-01-20 13:25:01-05:00,-2.0354512426575866,-2.41669609112297
2022-01-20 14:25:02-05:00,-2.0502051914364756,-2.352239029497919
2022-01-20 15:25:02-05:00,-2.5591544614126747,-2.45305916961447
2022-01-24 10:25:01-05:00,-6.989170771391798,-5.142073596721284
2022-01-24 11:25:00-05:00,-7.6082257564160045,-5.651245281990645
2022-01-24 12:24:59-05:00,-8.64567074195105,-6.306960320193597
2022-01-24 13:25:00-05:00,-8.31134461125589,-6.629938091243611
2022-01-24 14:25:01-05:00,-8.17115718940704,-6.935981311284479
2022-01-24 15:25:00-05:00,-7.311594703786795,-6.942706871616501
2022-01-25 10:25:00-05:00,-6.592497216170045,-6.760473461600096
2022-01-25 11:25:00-05:00,-5.902451114207793,-6.493190511586005
2022-01-25 12:25:00-05:00,-5.604609663852671,-6.318137512894278
2022-01-25 13:25:00-05:00,-5.389496372540123,-6.138891295198021
2022-01-25 14:25:01-05:00,-4.269127605232427,-5.661020698412401
2022-01-25 15:25:01-05:00,-3.844728514108965,-5.305128852592465
2022-01-26 10:25:00-05:00,-2.755202415875601,-4.527426769679273
2022-01-26 11:25:01-05:00,-2.1853988018864925,-4.068619361707671
2022-01-26 12:25:00-05:00,-1.67439034766835,-3.587403653819656
2022-01-26 13:25:01-05:00,-1.3331978853691453,-3.1362125089629482
2022-01-26 14:25:00-05:00,-1.0760903446439443,-2.7236751541261293
2022-01-26 15:25:01-05:00,-2.1994559563725034,-2.719127392129791
2022-01-27 10:25:33-05:00,-1.127417053853435,-2.1109531270671233
2022-01-27 11:25:33-05:00,-1.198965577254171,-1.985516488433451
2022-01-27 12:25:33-05:00,-1.3982634061375734,-1.909113808945666
2022-01-27 13:25:33-05:00,-2.1288699100323925,-2.0240493508964006
2022-01-27 14:25:34-05:00,-2.250562548126254,-2.062386095179176
2022-01-27 15:25:33-05:00,-2.385520999656933,-2.131572286671106
2022-01-28 10:24:58-05:00,-2.3848248309165,-2.1999633410631905
2022-01-28 11:24:59-05:00,-1.8296125001564292,-2.081683607187383
2022-01-28 12:24:59-05:00,-1.456824781642183,-1.9431825285099642
2022-01-28 13:24:58-05:00,-1.3192180230218469,-1.8365728400841048
2022-01-28 14:25:00-05:00,-1.5658642069215034,-1.8195904058946706
2022-01-28 15:25:00-05:00,-0.8075811033330638,-1.5471337142844428
2022-01-31 10:25:00-05:00,0.9654846800872292,-0.707310524393863
2022-01-31 11:25:00-05:00,1.2220103259294888,-0.35861517017688804
2022-01-31 12:25:00-05:00,1.8116780819481733,0.10033704461396298
2022-01-31 13:25:00-05:00,2.3456481929337087,0.5732515527065537
2022-01-31 14:25:00-05:00,2.711191447252702,0.9988566564197203
2022-01-31 15:25:01-05:00,2.8242177139541127,1.3548499612390439
2022-02-01 10:25:00-05:00,3.4425012559181596,2.1062683400926088
2022-02-01 11:25:00-05:00,3.496228160859289,2.3666843666964743
2022-02-01 12:25:00-05:00,3.6243427420504304,2.628848046865896
2022-02-01 13:24:58-05:00,3.5858043092460434,2.811668010160529
2022-02-01 14:25:00-05:00,3.556902743267358,2.967799798955447
2022-02-01 15:25:00-05:00,3.799785540980963,3.1663171245443182
2022-02-02 09:55:00-05:00,4.164188491672235,3.5210651308997507
2022-02-02 10:24:58-05:00,4.107555463307676,3.5046152724668715
2022-02-02 10:54:59-05:00,4.151528100079531,3.63411593384371
2022-02-02 11:24:59-05:00,4.070335820042999,3.6104748002188747
2022-02-02 11:55:00-05:00,4.103574129774529,3.720638710389998
2022-02-02 12:24:59-05:00,4.202910863142677,3.749619082348533
2022-02-02 12:55:00-05:00,4.325057088378458,3.8770752488208418
2022-02-02 13:25:00-05:00,4.248889077585886,3.855066473051215
2022-02-02 13:54:59-05:00,4.23697185639918,3.9324858263163174
2022-02-02 14:25:00-05:00,4.213557275112578,3.9257606980753894
2022-02-02 14:55:00-05:00,4.386901466546874,4.045943817511631
2022-02-02 15:24:59-05:00,4.403309809758241,4.0508848077350965
2022-02-02 15:55:00-05:00,4.35835978806989,4.106250896252088
2022-02-03 10:25:00-05:00,3.453564911117553,3.894416468924196
2022-02-03 11:24:59-05:00,3.092204027834157,3.7455942150881603
2022-02-03 12:24:59-05:00,2.5092255365083815,3.4725003653537616
2022-02-03 13:24:58-05:00,2.18508127787743,3.2239213947905454
2022-02-03 14:24:57-05:00,1.8313672757651034,2.937285246534718
2022-02-03 15:24:59-05:00,1.3638437465629067,2.596874613599681
2022-02-04 10:25:00-05:00,0.5853343752929163,1.8894900629102385
2022-02-04 11:25:01-05:00,-0.10767613076848193,1.4209330055835965
2022-02-04 12:25:00-05:00,-0.007106173399506588,1.1852919235255408
2022-02-04 13:25:00-05:00,0.31357109231498725,1.0529854971226766
2022-02-04 14:25:00-05:00,0.2590955084840516,0.8750302196409755
2022-02-04 15:24:59-05:00,0.6185134529864058,0.8579190612547059
2022-02-07 10:25:00-05:00,0.2904661238695212,0.617385083446378
2022-02-07 11:24:58-05:00,0.19365983636043893,0.5281917442742678
2022-02-07 12:25:00-05:00,0.016150698902606564,0.4173431072166668
2022-02-07 13:24:59-05:00,-0.009746426669039465,0.32663183853117317
2022-02-07 14:25:00-05:00,0.0513419862900264,0.2847589528225237
2022-02-07 15:24:59-05:00,0.1913720085920545,0.2927607031156534
2022-02-08 10:25:00-05:00,-0.3659359649745966,0.03536452791964598
2022-02-08 11:25:00-05:00,-0.18647052010163634,0.007074996569901765
2022-02-08 12:25:00-05:00,0.007508665978548379,0.02278852166831334
2022-02-08 13:24:59-05:00,0.08270410785019067,0.035674232785840726
2022-02-08 14:25:00-05:00,0.03421042949656794,0.02411258476987973
2022-02-08 15:25:01-05:00,0.1867705943231499,0.06380618532119234
2022-02-10 10:24:59-05:00,2.0442904040154986,1.6625821347782381
2022-02-10 11:25:00-05:00,1.8997689157961872,1.7087910164006452
2022-02-10 12:24:54-05:00,1.9226494697550152,1.7629946113503987
2022-02-10 13:25:00-05:00,1.336148215820515,1.630254539767869
2022-02-10 14:24:59-05:00,0.742280380518423,1.4048791837707553
2022-02-10 15:25:00-05:00,0.4444544954071148,1.2177207271064334
2022-02-11 10:24:57-05:00,-0.11163272154067272,0.757274760465524
2022-02-11 11:24:59-05:00,-0.42152444212081264,0.5075682047608117
2022-02-11 12:24:59-05:00,-0.788820339359745,0.22286836608130367
2022-02-11 13:24:59-05:00,-1.038172617888847,-0.028889346753843886
2022-02-11 14:25:00-05:00,-1.8797182378765456,-0.477559859968111
2022-02-11 15:25:00-05:00,-2.518594604310465,-0.9346609700738583
2022-02-15 10:24:59-05:00,-2.5751405415045383,-2.8232130369954422
2022-02-15 11:24:58-05:00,-2.033031650036378,-2.640311491350421
2022-02-15 12:24:58-05:00,-1.9038910982920925,-2.522800235706904
2022-02-15 13:24:59-05:00,-1.5192363212420332,-2.305217106350126
2022-02-15 14:24:58-05:00,-1.2305207066308412,-2.081504772616114
2022-02-15 15:24:59-05:00,-0.9824463389773541,-1.8575538541273777
2022-02-16 10:24:59-05:00,-0.9677420121575437,-1.5290265744420997
2022-02-16 11:24:54-05:00,-0.9065559964802787,-1.3929631016293502
2022-02-17 10:24:59-05:00,-0.7477115262598204,-0.7424316387487396
2022-02-17 11:24:59-05:00,-0.8502140816341921,-0.7578276763972931
2022-02-17 12:24:58-05:00,-0.912823590584992,-0.7825537420954576
2022-02-17 13:24:58-05:00,-1.121905581024805,-0.8644822688108852
2022-02-17 14:24:58-05:00,-1.3924486669569092,-0.9853270794747598
2022-02-17 15:24:59-05:00,-1.708204924371671,-1.1468154064611111
2022-02-18 10:24:58-05:00,-2.048668814623113,-1.4575450785831556
2022-02-18 11:24:58-05:00,-2.3890081657422684,-1.6719565083052115
2022-02-18 12:24:58-05:00,-2.7043348981259214,-1.9005978075787477
2022-02-18 13:24:59-05:00,-2.9366851685091433,-2.117753353173589
2022-02-18 14:24:58-05:00,-2.704317051205919,-2.2126244265699615
2022-02-18 15:24:59-05:00,-2.7375930240646085,-2.3164712566298453
2022-02-18 15:30:00-05:00,-2.779784079531737,-2.3273894913165782
2022-02-18 15:30:00-05:00,-2.779784079531737,-2.3273894913165782
2022-02-18 15:30:00-05:00,-2.779784079531737,-2.3273894913165782
2022-02-18 15:30:00-05:00,-2.779784079531737,-2.3273894913165782
2022-02-18 15:30:00-05:00,-2.779784079531737,-2.3273894913165782
2022-02-18 15:30:00-05:00,-2.779784079531737,-2.3273894913165782
2022-02-22 10:24:58-05:00,-2.7288239735912043,-2.477022182776267
2022-02-22 11:24:58-05:00,-2.9992714330196577,-2.593404888737238
2022-02-22 12:24:57-05:00,-3.1730134450302785,-2.7161999060224207
2022-02-22 13:24:58-05:00,-3.4777566633611627,-2.8961740429865497
2022-02-22 14:24:59-05:00,-3.851244931615895,-3.1131643950319874
2022-02-22 15:24:58-05:00,-3.3117042729976447,-3.0726623906876123
2022-02-23 10:24:58-05:00,-3.311018509807866,-3.1641762440166064
2022-02-23 11:24:57-05:00,-3.6011475849236945,-3.3060797352803952
2022-02-23 12:24:59-05:00,-3.2026082300833423,-3.2508703741524334
2022-02-23 13:24:59-05:00,-3.5544355842155255,-3.357731618911494
2022-02-23 14:24:59-05:00,-3.8015196609097757,-3.4750647118090505
2022-02-23 15:24:58-05:00,-4.08374045587118,-3.622987059062691
2022-02-24 10:24:58-05:00,-5.085559837014046,-4.085112164438585
2022-02-24 11:24:59-05:00,-5.12032403492708,-4.284489056100568
2022-02-24 12:24:58-05:00,-5.55520782236232,-4.5824902669767855
2022-02-24 13:24:59-05:00,-5.381573486867694,-4.701966486218408
2022-02-24 14:24:58-05:00,-4.902383281527875,-4.712654696581467
2022-02-24 15:24:59-05:00,-4.003913401705631,-4.507163309538392
2022-02-25 10:24:59-05:00,-2.0905112344764234,-3.7356955292952696
2022-02-25 11:25:00-05:00,-0.8314011186358243,-3.086063439185428
2022-02-25 12:25:00-05:00,-0.0897352563520144,-2.487146488531386
2022-02-25 13:25:00-05:00,0.5305607508212802,-1.8684474226600822
2022-02-25 14:25:00-05:00,1.1512421381676745,-1.240801510014101
2022-02-25 15:25:00-05:00,1.5013847732931822,-0.6984379635967297
2022-02-28 10:25:00-05:00,1.3896423790616268,0.06292212177188988
2022-02-28 11:25:00-05:00,1.955738329277267,0.49890306572160154
2022-02-28 12:24:59-05:00,1.689157286793602,0.7042907790627222
2022-02-28 13:25:00-05:00,1.4621176233617348,0.8453445693144388
2022-02-28 14:25:00-05:00,1.0814510975371263,0.8807639348430711
2022-02-28 15:25:00-05:00,1.2599904712785133,0.9962507163521617
2022-03-01 10:25:01-05:00,1.4079494735619846,1.1751461426669731
2022-03-01 11:25:01-05:00,1.1860870103248544,1.1626380503212825
2022-03-01 12:25:01-05:00,0.5637466888987319,0.9879536152608562
2022-03-01 13:25:01-05:00,0.20982014974202912,0.8290114663356697
2022-03-01 14:25:02-05:00,0.07906492211674276,0.6744197421236524
2022-03-01 15:25:01-05:00,-0.06746998056212306,0.5259878194202477
2022-03-02 10:24:59-05:00,0.023652470033482587,0.3204108819680272
2022-03-02 11:24:58-05:00,0.733502667543064,0.4932730962059956
2022-03-02 12:24:59-05:00,1.0671608125472858,0.6268177103774484
2022-03-02 13:24:58-05:00,1.4169174200461612,0.8015705746862809
2022-03-02 14:24:59-05:00,1.6248704263267086,0.9714101882523403
2022-03-02 15:25:00-05:00,1.7179562183379744,1.114974819093543
2022-03-04 10:24:59-05:00,0.0822351047901293,1.0132408609323784
2022-03-04 11:24:59-05:00,-0.36767984601016224,0.7406342067078798
2022-03-04 12:24:58-05:00,-0.4598633375119334,0.523691554913061
2022-03-04 13:24:58-05:00,-0.46585753003597574,0.3522078031667304
2022-03-04 14:24:59-05:00,-0.61996365786041,0.1518650031227391
2022-03-04 15:24:58-05:00,-0.8780804774905278,-0.07185316851091497
2022-03-07 10:25:00-05:00,-1.5031886420998717,-0.5021868804513744
2022-03-07 11:25:01-05:00,-1.773463981560326,-0.7624069721627384
2022-03-07 12:25:00-05:00,-2.501575299651165,-1.1591608833362086
2022-03-07 13:25:00-05:00,-2.7466550691042926,-1.463217147605846
2022-03-07 14:25:01-05:00,-2.908329854411477,-1.7447251747661117
2022-03-07 15:25:01-05:00,-3.277090635844445,-2.075557601175745
2022-03-08 10:03:02-05:00,-4.117048749018295,-2.7709018473753257
2022-03-08 11:03:03-05:00,-4.078148408376137,-3.020769160856173
2022-03-08 12:03:02-05:00,-4.088232568736316,-3.2696916161099754
2022-03-08 13:03:03-05:00,-2.8388917343714297,-3.0129030871011033
2022-03-08 14:03:02-05:00,-3.7157911856653527,-3.3071559997549493
2022-03-08 15:03:03-05:00,-2.9871154896172243,-3.135146856079754
2022-03-01 13:30:00-05:00,0.2455100566947976,0.8245345861692696
2022-03-01 14:30:00-05:00,0.0122602386429662,0.6620797166640089
2022-03-01 15:30:00-05:00,-0.1276107541145279,0.5041416225083016
2022-03-02 09:30:00-05:00,0.1120630631273229,0.4257259106321059
2022-03-02 10:30:00-05:00,0.4876264969234398,0.4381060278903727
2022-03-02 11:30:00-05:00,0.8353449153528345,0.5175538053828651
2022-03-02 12:30:00-05:00,1.18041942027304,0.6501269283609001
2022-03-02 13:30:00-05:00,1.4285511049687898,0.8058117636824781
2022-03-02 14:30:00-05:00,1.6306144398723177,0.970772298920446
2022-03-02 15:30:00-05:00,1.7033281105318565,1.117283461242728
2022-03-03 09:30:00-05:00,1.7305156041799703,1.2399298898301767
2022-03-03 10:30:00-05:00,1.5805289068437105,1.3080496932328836
2022-03-03 11:30:00-05:00,1.42722500846088,1.331884756278483
2022-03-03 12:30:00-05:00,1.552734041193105,1.376054613261407
2022-03-03 13:30:00-05:00,1.6190139640270331,1.4246464834145325
2022-03-03 14:30:00-05:00,1.4726059475156037,1.4342383762347468
2022-03-03 15:30:00-05:00,1.2832817331876072,1.404047047625319
2022-03-04 09:30:00-05:00,0.6472786539999902,1.2526933689002533
2022-03-04 10:30:00-05:00,0.0769940584637538,1.0175535068129535
2022-03-04 11:30:00-05:00,-0.1720558373875746,0.779631637972848
2022-03-04 12:30:00-05:00,-0.3380974343922389,0.5560858234998306
2022-03-04 13:30:00-05:00,-0.511854519687688,0.3424977548623268
2022-03-04 14:30:00-05:00,-0.6823851857159866,0.1375211667466641
2022-03-04 15:30:00-05:00,-0.6869602442342853,-0.0273751154495257
2022-03-07 09:30:00-05:00,-1.1749108883714712,-0.2568822700339148
2022-03-07 10:30:00-05:00,-1.5182914539159924,-0.5091641068103303
2022-03-07 11:30:00-05:00,-2.03885086414482,-0.8151014582772282
2022-03-07 12:30:00-05:00,-2.4306409832823874,-1.1382093632782602
2022-03-07 13:30:00-05:00,-2.7202702013691464,-1.4546215308964374
2022-03-07 14:30:00-05:00,-3.0135094844121117,-1.7663991215995722
2022-03-07 15:30:00-05:00,-3.3772337272470736,-2.0885660427290724
2022-03-08 09:30:00-05:00,-3.870211303690269,-2.444895094921312
2022-03-08 10:30:00-05:00,-4.186016174891222,-2.7931193109152943
2022-03-08 11:30:00-05:00,-3.816964871911466,-2.997888423114529
2022-03-08 12:30:00-05:00,-3.4899061333896952,-3.0962919651695624
2022-03-08 13:30:00-05:00,-3.4276265658313605,-3.162558885301922
2022-03-08 14:30:00-05:00,-3.4801679664109884,-3.226080701523736
2022-03-08 15:30:00-05:00,-3.702643066606868,-3.321393174540362
2022-03-09 09:30:00-05:00,-3.0809044298278536,-3.273295425597861
2022-03-09 10:30:00-05:00,-2.587394022449587,-3.136115144968206
2022-03-09 11:30:00-05:00,-2.0013421126336084,-2.909160538501286
2022-03-09 12:30:00-05:00,-1.4580948890272225,-2.618947408606474
2022-03-09 13:30:00-05:00,-1.100271956131735,-2.3152123181115263
2022-03-09 14:30:00-05:00,-0.6853364570117719,-1.9892371458915756
2022-03-09 15:30:00-05:00,-0.4609257340770796,-1.6835748635286765
2022-03-09 16:00:00-05:00,-0.2790541523651768,-1.4026707212959766
2022-03-09 16:00:00-05:00,-0.2790541523651768,-1.4026707212959766
2022-03-09 16:00:00-05:00,-0.2790541523651768,-1.4026707212959766
2022-03-09 16:00:00-05:00,-0.2790541523651768,-1.4026707212959766
2022-03-09 16:00:00-05:00,-0.2790541523651768,-1.4026707212959766
2022-03-02 11:30:00-05:00,0.8353449153528345,0.5175538053828651
2022-03-02 12:30:00-05:00,1.18041942027304,0.6501269283609001
2022-03-02 13:30:00-05:00,1.4285511049687898,0.8058117636824781
2022-03-02 14:30:00-05:00,1.6306144398723177,0.970772298920446
2022-03-02 15:30:00-05:00,1.7033281105318565,1.117283461242728
2022-03-03 09:30:00-05:00,1.7305156041799703,1.2399298898301767
2022-03-03 10:30:00-05:00,1.5805289068437105,1.3080496932328836
2022-03-03 11:30:00-05:00,1.42722500846088,1.331884756278483
2022-03-03 12:30:00-05:00,1.552734041193105,1.376054613261407
2022-03-03 13:30:00-05:00,1.6190139640270331,1.4246464834145325
2022-03-03 14:30:00-05:00,1.4726059475156037,1.4342383762347468
2022-03-03 15:30:00-05:00,1.2832817331876072,1.404047047625319
2022-03-04 09:30:00-05:00,0.6472786539999902,1.2526933689002533
2022-03-04 10:30:00-05:00,0.0769940584637538,1.0175535068129535
2022-03-04 11:30:00-05:00,-0.1720558373875746,0.779631637972848
2022-03-04 12:30:00-05:00,-0.3380974343922389,0.5560858234998306
2022-03-04 13:30:00-05:00,-0.511854519687688,0.3424977548623268
2022-03-04 14:30:00-05:00,-0.6823851857159866,0.1375211667466641
2022-03-04 15:30:00-05:00,-0.6869602442342853,-0.0273751154495257
2022-03-07 09:30:00-05:00,-1.1749108883714712,-0.2568822700339148
2022-03-07 10:30:00-05:00,-1.5182914539159924,-0.5091641068103303
2022-03-07 11:30:00-05:00,-2.03885086414482,-0.8151014582772282
2022-03-07 12:30:00-05:00,-2.4306409832823874,-1.1382093632782602
2022-03-07 13:30:00-05:00,-2.7202702013691464,-1.4546215308964374
2022-03-07 14:30:00-05:00,-3.0135094844121117,-1.7663991215995722
2022-03-07 15:30:00-05:00,-3.3772337272470736,-2.0885660427290724
2022-03-08 09:30:00-05:00,-3.870211303690269,-2.444895094921312
2022-03-08 10:30:00-05:00,-4.186016174891222,-2.7931193109152943
2022-03-08 11:30:00-05:00,-3.816964871911466,-2.997888423114529
2022-03-08 12:30:00-05:00,-3.4899061333896952,-3.0962919651695624
2022-03-08 13:30:00-05:00,-3.4276265658313605,-3.162558885301922
2022-03-08 14:30:00-05:00,-3.4801679664109884,-3.226080701523736
2022-03-08 15:30:00-05:00,-3.702643066606868,-3.321393174540362
2022-03-09 09:30:00-05:00,-3.0809044298278536,-3.273295425597861
2022-03-09 10:30:00-05:00,-2.587394022449587,-3.136115144968206
2022-03-09 11:30:00-05:00,-2.0013421126336084,-2.909160538501286
2022-03-09 12:30:00-05:00,-1.4580948890272225,-2.618947408606474
2022-03-09 13:30:00-05:00,-1.100271956131735,-2.3152123181115263
2022-03-09 14:30:00-05:00,-0.6853364570117719,-1.9892371458915756
2022-03-09 15:30:00-05:00,-0.4609257340770796,-1.6835748635286765
2022-03-09 16:00:00-05:00,-0.2790541523651768,-1.4026707212959766
2022-03-09 16:00:00-05:00,-0.2790541523651768,-1.4026707212959766
2022-03-09 16:00:00-05:00,-0.2790541523651768,-1.4026707212959766
2022-03-09 16:00:00-05:00,-0.2790541523651768,-1.4026707212959766
2022-03-09 16:00:00-05:00,-0.2790541523651768,-1.4026707212959766
2022-03-10 16:00:00-05:00,-0.4958570586766768,-0.9025897685231468
2022-03-10 16:00:00-05:00,-0.4958570586766768,-0.9025897685231468
2022-03-10 16:00:00-05:00,-0.4958570586766768,-0.9025897685231468
2022-03-10 16:00:00-05:00,-0.4958570586766768,-0.9025897685231468
2022-03-10 16:00:00-05:00,-0.4958570586766768,-0.9025897685231468
2022-03-02 13:30:00-05:00,1.4285511049690172,0.8058117636827729
2022-03-02 14:30:00-05:00,1.630614439872545,0.9707722989207274
2022-03-02 15:30:00-05:00,1.703328110532027,1.1172834612429874
2022-03-03 09:30:00-05:00,1.730515604180141,1.2399298898304183
2022-03-03 10:30:00-05:00,1.580528906843881,1.308049693233111
2022-03-03 11:30:00-05:00,1.4272250084609936,1.3318847562786875
2022-03-03 12:30:00-05:00,1.5527340411931618,1.3760546132615823
2022-03-03 13:30:00-05:00,1.61901396402709,1.424646483414684
2022-03-03 14:30:00-05:00,1.4726059475156603,1.4342383762348794
2022-03-03 15:30:00-05:00,1.2832817331876072,1.4040470476254252
2022-03-04 09:30:00-05:00,0.6472786539999902,1.252693368900338
2022-03-04 10:30:00-05:00,0.0769940584637538,1.0175535068130213
2022-03-04 11:30:00-05:00,-0.1720558373875746,0.7796316379729021
2022-03-04 12:30:00-05:00,-0.3380974343922389,0.556085823499874
2022-03-04 13:30:00-05:00,-0.511854519687688,0.3424977548623616
2022-03-04 14:30:00-05:00,-0.6823851857159866,0.137521166746692
2022-03-04 15:30:00-05:00,-0.6869602442342853,-0.0273751154495034
2022-03-07 09:30:00-05:00,-1.1749108883714712,-0.256882270033897
2022-03-07 10:30:00-05:00,-1.5182914539159924,-0.5091641068103161
2022-03-07 11:30:00-05:00,-2.03885086414482,-0.8151014582772169
2022-03-07 12:30:00-05:00,-2.4306409832823874,-1.138209363278251
2022-03-07 13:30:00-05:00,-2.7202702013691464,-1.4546215308964303
2022-03-07 14:30:00-05:00,-3.0135094844121117,-1.7663991215995665
2022-03-07 15:30:00-05:00,-3.3772337272470736,-2.088566042729068
2022-03-08 09:30:00-05:00,-3.870211303690269,-2.4448950949213084
2022-03-08 10:30:00-05:00,-4.186016174891222,-2.793119310915291
2022-03-08 11:30:00-05:00,-3.816964871911466,-2.997888423114526
2022-03-08 12:30:00-05:00,-3.4899061333896952,-3.09629196516956
2022-03-08 13:30:00-05:00,-3.4276265658313605,-3.1625588853019204
2022-03-08 14:30:00-05:00,-3.4801679664109884,-3.226080701523734
2022-03-08 15:30:00-05:00,-3.702643066606868,-3.321393174540361
2022-03-09 09:30:00-05:00,-3.0809044298278536,-3.27329542559786
2022-03-09 10:30:00-05:00,-2.587394022449587,-3.136115144968205
2022-03-09 11:30:00-05:00,-2.0013421126336084,-2.909160538501286
2022-03-09 12:30:00-05:00,-1.4580948890272225,-2.618947408606473
2022-03-09 13:30:00-05:00,-1.100271956131735,-2.315212318111526
2022-03-09 14:30:00-05:00,-0.6853364570117719,-1.989237145891575
2022-03-09 15:30:00-05:00,-0.4609257340770796,-1.683574863528676
2022-03-10 09:30:00-05:00,-0.6172869915746446,-1.47031728913787
2022-03-10 10:30:00-05:00,-0.9237159517826968,-1.3609970216668352
2022-03-10 11:30:00-05:00,-0.9862437174747356,-1.2860463608284154
2022-03-10 12:30:00-05:00,-1.0622825032879175,-1.241293589320316
2022-03-10 13:30:00-05:00,-0.9182987625012516,-1.176694623956503
2022-03-10 14:30:00-05:00,-0.7858530350687261,-1.0985263061789476
2022-03-10 15:30:00-05:00,-0.6272595052080305,-1.0042729459847644
2022-03-10 16:00:00-05:00,-0.4958570586766768,-0.9025897685231468
2022-03-10 16:00:00-05:00,-0.4958570586766768,-0.9025897685231468
2022-03-10 16:00:00-05:00,-0.4958570586766768,-0.9025897685231468
2022-03-10 16:00:00-05:00,-0.4958570586766768,-0.9025897685231468
2022-03-10 16:00:00-05:00,-0.4958570586766768,-0.9025897685231468
2022-03-10 14:30:00-05:00,-0.7858530350687261,-1.0985263061789476
2022-03-10 15:30:00-05:00,-0.6272595052080305,-1.0042729459847644
2022-03-10 16:00:00-05:00,-0.4958570586766768,-0.9025897685231468
2022-03-10 16:00:00-05:00,-0.4958570586766768,-0.9025897685231468
2022-03-10 16:00:00-05:00,-0.4958570586766768,-0.9025897685231468
2022-03-10 16:00:00-05:00,-0.4958570586766768,-0.9025897685231468
2022-03-10 16:00:00-05:00,-0.4958570586766768,-0.9025897685231468
2022-03-11 16:00:00-05:00,-1.046005990362005,-0.7194320984490502
2022-03-11 09:30:00-05:00,-0.4814986685858002,-0.8997180905049715
2022-03-11 10:30:00-05:00,-0.3961128286325674,-0.7989970381304908
2022-03-11 11:30:00-05:00,-0.4651006238913737,-0.7322177552826674
2022-03-11 12:30:00-05:00,-0.3910009143266961,-0.6639743870914732
2022-03-11 13:30:00-05:00,-0.3556119504330581,-0.6023018997597901
2022-03-11 14:30:00-05:00,-0.5408131507385292,-0.590004149955538
2022-03-11 15:30:00-05:00,-0.8289265275319053,-0.6377886254708115
2022-03-11 16:00:00-05:00,-1.046005990362005,-0.7194320984490502
2022-03-14 09:30:00-04:00,-0.8290258360038933,-0.6760360675774217
2022-03-14 10:30:00-04:00,-0.8611390934419774,-0.7130566727503329
2022-03-14 11:30:00-04:00,-1.0727241366440126,-0.7849901655290689
2022-03-14 12:30:00-04:00,-1.4169251223934225,-0.9113771569019395
2022-03-14 13:30:00-04:00,-1.791706083836516,-1.087442942288855
2022-03-14 14:30:00-04:00,-1.9636074889263,-1.262675851616344
2022-03-14 15:30:00-04:00,-2.085485478149735,-1.4272377769230222
2022-03-14 16:00:00-04:00,-2.1611953451781574,-1.5740292905740494
2022-03-14 16:00:00-04:00,-2.1611953451781574,-1.5740292905740494
2022-03-14 16:00:00-04:00,-2.1611953451781574,-1.5740292905740494
2022-03-14 16:00:00-04:00,-2.1611953451781574,-1.5740292905740494
2022-03-14 16:00:00-04:00,-2.1611953451781574,-1.5740292905740494
2022-03-15 09:30:00-04:00,-1.783066728280005,-1.4984035671944496
2022-03-15 10:30:00-04:00,-1.41174292607883,-1.4810714389713255
2022-03-15 11:30:00-04:00,-1.032141030476282,-1.391285357272317
2022-03-15 12:30:00-04:00,-0.8801209414934874,-1.289052474116551
2022-03-15 13:30:00-04:00,-0.7533800799096753,-1.181917995275176
2022-03-15 14:30:00-04:00,-0.3509763132461216,-1.0157296588693652
2022-03-15 15:30:00-04:00,-0.0007513709174986,-0.812734001278992
2022-03-15 16:00:00-04:00,0.2744484526196515,-0.5952975104992633
2022-03-15 16:00:00-04:00,0.2744484526196515,-0.5952975104992633
2022-03-15 16:00:00-04:00,0.2744484526196515,-0.5952975104992633
2022-03-15 16:00:00-04:00,0.2744484526196515,-0.5952975104992633
2022-03-15 16:00:00-04:00,0.2744484526196515,-0.5952975104992633
2022-03-16 09:30:00-04:00,0.8551890959824391,-0.4791493818266084
2022-03-16 10:30:00-04:00,1.46898430982975,-0.0895226434953366
2022-03-16 11:30:00-04:00,1.944306693661588,0.3172432239360482
2022-03-16 12:30:00-04:00,2.105493489951812,0.674893277139201
2022-03-16 13:30:00-04:00,1.870348439817292,0.9139843096748193
2022-03-16 14:30:00-04:00,2.1909004387729283,1.169367535494441
2022-03-16 15:30:00-04:00,2.6256808505114577,1.4606301984978445
2022-03-16 16:00:00-04:00,2.937196985165372,1.75594355583135
2022-03-16 16:00:00-04:00,2.937196985165372,1.75594355583135
2022-03-16 16:00:00-04:00,2.937196985165372,1.75594355583135
2022-03-16 16:00:00-04:00,2.937196985165372,1.75594355583135
2022-03-16 16:00:00-04:00,2.937196985165372,1.75594355583135
2022-03-17 09:30:00-04:00,2.997824544816524,1.7680690677616675
2022-03-17 10:30:00-04:00,3.186621620083372,2.051779578226008
2022-03-17 11:30:00-04:00,3.4593659394367364,2.333296850468154
2022-03-17 12:30:00-04:00,3.7253689399096857,2.6117112683564603
2022-03-17 13:30:00-04:00,3.860209222571143,2.8614108591993968
2022-03-17 14:30:00-04:00,3.986876770152321,3.086504041389982
2022-03-17 15:30:00-04:00,4.191852882343824,3.3075738095807505
2022-03-17 16:00:00-04:00,4.30946242924955,3.50795153351451
2022-03-17 16:00:00-04:00,4.30946242924955,3.50795153351451
2022-03-17 16:00:00-04:00,4.30946242924955,3.50795153351451
2022-03-17 16:00:00-04:00,4.30946242924955,3.50795153351451
2022-03-17 16:00:00-04:00,4.30946242924955,3.50795153351451
2022-03-18 09:30:00-04:00,4.203364199860346,3.4867318876366697
2022-03-18 10:30:00-04:00,4.160493821838941,3.621484274477124
2022-03-18 11:30:00-04:00,4.18319561374733,3.733826542331166
2022-03-18 12:30:00-04:00,4.256216837615227,3.8383046013879785
2022-03-18 13:30:00-04:00,4.257344857653777,3.9221126526411374
2022-03-18 14:30:00-04:00,4.356891468080164,4.009068415728944
2022-03-18 15:30:00-04:00,4.420332551710771,4.09132124292531
2022-03-18 16:00:00-04:00,4.423650574487624,4.1577871092377725
2022-03-18 16:00:00-04:00,4.423650574487624,4.1577871092377725
2022-03-18 16:00:00-04:00,4.423650574487624,4.1577871092377725
2022-03-18 16:00:00-04:00,4.423650574487624,4.1577871092377725
2022-03-18 16:00:00-04:00,4.423650574487624,4.1577871092377725
2022-03-21 09:30:00-04:00,4.301599389814328,4.133376872303036
2022-03-21 10:30:00-04:00,4.358584706624868,4.178418439167403
2022-03-21 11:30:00-04:00,4.3547585911053375,4.21368646955499
2022-03-21 12:30:00-04:00,3.967338648865905,4.1644169054171725
2022-03-21 13:30:00-04:00,3.794642404763124,4.090462005286363
2022-03-21 14:30:00-04:00,3.6152894883489353,3.995427501898878
2022-03-21 15:30:00-04:00,3.5077656947054265,3.897895140460188
2022-03-21 16:00:00-04:00,3.380359738020559,3.7943880599722624
2022-03-21 16:00:00-04:00,3.380359738020559,3.7943880599722624
2022-03-21 16:00:00-04:00,3.380359738020559,3.7943880599722624
2022-03-21 16:00:00-04:00,3.380359738020559,3.7943880599722624
2022-03-21 16:00:00-04:00,3.380359738020559,3.7943880599722624
2022-03-22 09:30:00-04:00,3.7138064471996586,3.861077401808071
2022-03-22 10:30:00-04:00,3.8991215616457,3.868686233775597
2022-03-22 11:30:00-04:00,3.896970367823087,3.8743430605850953
2022-03-22 12:30:00-04:00,3.923110061313082,3.8840964607306927
2022-03-22 13:30:00-04:00,3.864539275488085,3.880185023682171
2022-03-22 14:30:00-04:00,3.8101093093180234,3.866169880809341
2022-03-22 15:30:00-04:00,3.7679183699137297,3.846519578630219
2022-03-22 16:00:00-04:00,3.6927220497475446,3.815760072853685
2022-03-22 16:00:00-04:00,3.6927220497475446,3.815760072853685
2022-03-22 16:00:00-04:00,3.6927220497475446,3.815760072853685
2022-03-22 16:00:00-04:00,3.6927220497475446,3.815760072853685
2022-03-22 16:00:00-04:00,3.6927220497475446,3.815760072853685
2022-03-22 14:30:00-04:00,3.8101093093180234,3.866169880809341
2022-03-22 15:30:00-04:00,3.7679183699137297,3.846519578630219
2022-03-22 16:00:00-04:00,3.6927220497475446,3.815760072853685
2022-03-22 16:00:00-04:00,3.6927220497475446,3.815760072853685
2022-03-22 16:00:00-04:00,3.6927220497475446,3.815760072853685
2022-03-22 16:00:00-04:00,3.6927220497475446,3.815760072853685
2022-03-22 16:00:00-04:00,3.6927220497475446,3.815760072853685
2022-03-23 16:00:00-04:00,1.448696927142464,2.4876834081581687
2022-03-23 16:00:00-04:00,1.448696927142464,2.4876834081581687
2022-03-23 16:00:00-04:00,1.448696927142464,2.4876834081581687
2022-03-23 16:00:00-04:00,1.448696927142464,2.4876834081581687
2022-03-23 16:00:00-04:00,1.448696927142464,2.4876834081581687
2022-03-24 10:30:00-04:00,1.6337734531350634,2.337706037880033
2022-03-24 11:30:00-04:00,1.5793171735789997,2.1860282650198264
2022-03-24 12:30:00-04:00,1.5944287925416916,2.0677083705241994
2022-03-24 13:30:00-04:00,1.5825136215059956,1.9706694207205584
2022-03-24 14:30:00-04:00,1.6736141380063714,1.9112583641777212
2022-03-24 15:30:00-04:00,1.7917296003495835,1.8873526114120935
2022-03-24 16:00:00-04:00,1.869433829206912,1.8837688549710576
2022-03-24 16:00:00-04:00,1.869433829206912,1.8837688549710576
2022-03-24 16:00:00-04:00,1.869433829206912,1.8837688549710576
2022-03-24 16:00:00-04:00,1.869433829206912,1.8837688549710576
2022-03-24 16:00:00-04:00,1.869433829206912,1.8837688549710576
2022-03-24 16:00:00-04:00,1.869433829206912,1.8837688549710576
2022-03-25 10:30:00-04:00,1.8788815598803692,1.9000222430861071
2022-03-25 11:30:00-04:00,1.8754261454784,1.8951030235645656
2022-03-25 12:30:00-04:00,1.8274134496442684,1.8815651087805063
2022-03-25 13:30:00-04:00,1.9093710800845545,1.887126303041316
2022-03-25 14:30:00-04:00,1.8202002394838812,1.8737410903298293
2022-03-25 15:30:00-04:00,1.936203417084528,1.886233555680769
2022-03-25 16:00:00-04:00,2.00741716634991,1.9104702778145968
2022-03-25 16:00:00-04:00,2.00741716634991,1.9104702778145968
2022-03-25 16:00:00-04:00,2.00741716634991,1.9104702778145968
2022-03-25 16:00:00-04:00,2.00741716634991,1.9104702778145968
2022-03-25 16:00:00-04:00,2.00741716634991,1.9104702778145968
2022-03-25 16:00:00-04:00,2.00741716634991,1.9104702778145968
2022-03-28 10:30:00-04:00,2.0289026087747857,1.9365818463926767
2022-03-28 11:30:00-04:00,1.8687452745451765,1.9230145320231768
2022-03-28 12:30:00-04:00,1.8592653539956243,1.9102646964176664
2022-03-28 13:30:00-04:00,1.87443832097415,1.9030994213289636
2022-03-28 14:30:00-04:00,1.9925982327731615,1.920999183617803
2022-03-28 15:30:00-04:00,2.171753349852679,1.9711500168647784
2022-03-28 16:00:00-04:00,2.291357784304921,2.035191570352807
2022-03-28 16:00:00-04:00,2.291357784304921,2.035191570352807
2022-03-28 16:00:00-04:00,2.291357784304921,2.035191570352807
2022-03-28 16:00:00-04:00,2.291357784304921,2.035191570352807
2022-03-28 16:00:00-04:00,2.291357784304921,2.035191570352807
2022-03-28 16:00:00-04:00,2.291357784304921,2.035191570352807
2022-03-28 15:30:00-04:00,2.171753349852679,1.9711500168647784
2022-03-29 09:30:00-04:00,2.513922568515227,2.079704527194868
2022-03-29 10:30:00-04:00,2.802813474895288,2.2243263167349525
2022-03-29 11:30:00-04:00,2.920628660423916,2.3635867854727453
2022-03-29 12:30:00-04:00,2.962899032607595,2.4834492348997155
2022-03-29 13:30:00-04:00,3.0950728088978963,2.605773949699352
2022-03-29 14:30:00-04:00,3.298969786222983,2.744413117004078
2022-03-29 15:30:00-04:00,3.426305978492792,2.880791689301821
2022-03-30 09:30:00-04:00,3.372951089713183,2.9792235693840934
2022-03-30 10:30:00-04:00,3.2137370574175748,3.02612626699079
2022-03-30 11:30:00-04:00,3.080293649404723,3.036959743473577
2022-03-30 12:30:00-04:00,2.899956369522556,3.009559068683373
2022-03-30 13:30:00-04:00,2.6901193822752703,2.945671131401753
2022-03-30 14:30:00-04:00,2.3837793782726067,2.833292780775924
2022-03-30 15:30:00-04:00,2.240249576532676,2.7146841399272743
2022-03-30 16:00:00-04:00,2.10147147758704,2.5920416074592274
2022-03-30 16:00:00-04:00,2.10147147758704,2.5920416074592274
2022-03-30 16:00:00-04:00,2.10147147758704,2.5920416074592274
2022-03-30 16:00:00-04:00,2.10147147758704,2.5920416074592274
2022-03-30 16:00:00-04:00,2.10147147758704,2.5920416074592274
2022-03-30 16:00:00-04:00,2.10147147758704,2.5920416074592274
2022-03-30 14:30:00-04:00,2.3837793782726067,2.83329278077591
2022-03-30 15:30:00-04:00,2.240249576532676,2.714684139927263
2022-03-31 09:30:00-04:00,1.98021635828502,2.567790583598814
2022-03-31 10:30:00-04:00,1.7946046004111054,2.4131533869612727
2022-03-31 11:30:00-04:00,1.5697003885038612,2.24446278726979
2022-03-31 12:30:00-04:00,1.3756050613570778,2.070691242087248
2022-03-31 13:30:00-04:00,1.1568043623057065,1.88791386613094
2022-03-31 14:30:00-04:00,0.9091757328294534,1.6921662394706427
2022-03-31 15:30:00-04:00,0.3952900967501023,1.4327910109265347
2022-04-01 09:30:00-04:00,-0.0549091897644871,1.1352509707883305
2022-04-01 10:30:00-04:00,-0.3595391978919906,0.8362929370522664
2022-04-01 11:30:00-04:00,-0.6950249688314898,0.5300293558755153
2022-04-01 12:30:00-04:00,-1.0113730586202223,0.2217488729763677
2022-04-01 13:30:00-04:00,-1.0490668076086536,-0.0324142631406365
2022-04-01 14:30:00-04:00,-1.1520077828110402,-0.2563329670747172
2022-04-01 15:30:00-04:00,-1.0751342427542454,-0.4200932222106229
2022-04-01 16:00:00-04:00,-1.0002603786318789,-0.5361266534948741
2022-04-01 16:00:00-04:00,-1.0002603786318789,-0.5361266534948741
2022-04-01 16:00:00-04:00,-1.0002603786318789,-0.5361266534948741
2022-04-01 16:00:00-04:00,-1.0002603786318789,-0.5361266534948741
2022-04-01 16:00:00-04:00,-1.0002603786318789,-0.5361266534948741
2022-04-01 16:00:00-04:00,-1.0002603786318789,-0.5361266534948741
2022-04-04 09:30:00-04:00,-0.8478978485838411,-0.5056541474852667
2022-04-04 10:30:00-04:00,-0.6298872032563168,-0.5305007586394768
2022-04-04 11:30:00-04:00,-0.4235513277756695,-0.5091108724667154
2022-04-04 12:30:00-04:00,-0.2822254180592267,-0.4637337815852176
2022-04-04 13:30:00-04:00,-0.1188254461916358,-0.3947521145065013
2022-04-04 14:30:00-04:00,0.0288970656759488,-0.3100222784700113
2022-04-04 15:30:00-04:00,0.1977506952636076,-0.2084676837232875
2022-04-04 16:00:00-04:00,0.3301829208359095,-0.1007375628114481
2022-04-04 16:00:00-04:00,0.3301829208359095,-0.1007375628114481
2022-04-04 16:00:00-04:00,0.3301829208359095,-0.1007375628114481
2022-04-04 16:00:00-04:00,0.3301829208359095,-0.1007375628114481
2022-04-04 16:00:00-04:00,0.3301829208359095,-0.1007375628114481
2022-04-04 16:00:00-04:00,0.3301829208359095,-0.1007375628114481
2022-04-05 09:30:00-04:00,0.1419219811101584,-0.1383897507565227
2022-04-05 10:30:00-04:00,0.1053379512728724,-0.0896442103506437
2022-04-05 11:30:00-04:00,-0.0665193872760596,-0.0850192457357268
2022-04-05 12:30:00-04:00,-0.0875292200226454,-0.0855212405931105
2022-04-05 13:30:00-04:00,-0.2015097811878377,-0.108718948712056
2022-04-05 14:30:00-04:00,-0.4121455260472544,-0.1694042641790957
2022-04-05 15:30:00-04:00,-0.5964244074733642,-0.2548082928379494
2022-04-05 16:00:00-04:00,-0.7395902189845742,-0.3517646780672744
2022-04-05 16:00:00-04:00,-0.7395902189845742,-0.3517646780672744
2022-04-05 16:00:00-04:00,-0.7395902189845742,-0.3517646780672744
2022-04-05 16:00:00-04:00,-0.7395902189845742,-0.3517646780672744
2022-04-05 16:00:00-04:00,-0.7395902189845742,-0.3517646780672744
2022-04-05 16:00:00-04:00,-0.7395902189845742,-0.3517646780672744
2022-04-06 09:30:00-04:00,-1.2222103278254508,-0.4482886998354496
2022-04-06 10:30:00-04:00,-1.6610771443661747,-0.6908463887415947
2022-04-06 11:30:00-04:00,-2.030661183146492,-0.9588093476225742
2022-04-06 12:30:00-04:00,-2.2228924395855643,-1.2116259660151725
2022-04-06 13:30:00-04:00,-2.4482832158851124,-1.4589574159891605
2022-04-06 14:30:00-04:00,-2.5080256775841008,-1.6687710683081485
2022-04-06 15:30:00-04:00,-2.456849640477685,-1.826386782742056
2022-04-06 16:00:00-04:00,-2.391149233224496,-1.939339272838544
2022-04-06 16:00:00-04:00,-2.391149233224496,-1.939339272838544
2022-04-06 16:00:00-04:00,-2.391149233224496,-1.939339272838544
2022-04-06 16:00:00-04:00,-2.391149233224496,-1.939339272838544
2022-04-06 16:00:00-04:00,-2.391149233224496,-1.939339272838544
2022-04-06 16:00:00-04:00,-2.391149233224496,-1.939339272838544
2022-04-07 10:30:00-04:00,-2.5264594880479763,-2.067229116717234
2022-04-07 11:30:00-04:00,-2.564022520072456,-2.1665877973882783
2022-04-07 12:30:00-04:00,-2.3867173417201,-2.2106137062546427
2022-04-07 13:30:00-04:00,-2.166357105743316,-2.201762386152377
2022-04-07 14:30:00-04:00,-1.804692077375193,-2.1223483243969405
2022-04-07 15:30:00-04:00,-1.5446460989837192,-2.0068078793142963
2022-04-08 09:30:00-04:00,-1.4262077978783054,-1.890687863027098
2022-04-08 10:30:00-04:00,-1.1663932119536184,-1.7458289328124024
2022-04-08 11:30:00-04:00,-0.8641858357278807,-1.569500313395498
2022-04-08 12:30:00-04:00,-0.7093028080828958,-1.3974608123329777
2022-04-08 13:30:00-04:00,-0.6779930182893281,-1.2535672535242477
2022-04-08 14:30:00-04:00,-0.5767340700588761,-1.1182006168311736
2022-04-08 15:30:00-04:00,-0.5933350828664743,-1.0132275100382335
2022-04-08 16:00:00-04:00,-0.6027690514027881,-0.9311358183111448
2022-04-06 16:00:00-04:00,-2.391149233224496,-1.939339272838544
2022-04-06 16:00:00-04:00,-2.391149233224496,-1.939339272838544
2022-04-06 16:00:00-04:00,-2.391149233224496,-1.939339272838544
2022-04-06 16:00:00-04:00,-2.391149233224496,-1.939339272838544
2022-04-06 16:00:00-04:00,-2.391149233224496,-1.939339272838544
2022-04-07 10:30:00-04:00,-2.5264594880479763,-2.067229116717234
2022-04-07 11:30:00-04:00,-2.564022520072456,-2.1665877973882783
2022-04-07 12:30:00-04:00,-2.3867173417201,-2.2106137062546427
2022-04-07 13:30:00-04:00,-2.166357105743316,-2.201762386152377
2022-04-07 14:30:00-04:00,-1.804692077375193,-2.1223483243969405
2022-04-07 15:30:00-04:00,-1.5446460989837192,-2.0068078793142963
2022-04-08 09:30:00-04:00,-1.4262077978783054,-1.890687863027098
2022-04-08 10:30:00-04:00,-1.1663932119536184,-1.7458289328124024
2022-04-08 11:30:00-04:00,-0.8641858357278807,-1.569500313395498
2022-04-06 16:00:00-04:00,-2.391149233224496,-1.939339272838544
2022-04-06 16:00:00-04:00,-2.391149233224496,-1.939339272838544
2022-04-06 16:00:00-04:00,-2.391149233224496,-1.939339272838544
2022-04-06 16:00:00-04:00,-2.391149233224496,-1.939339272838544
2022-04-06 16:00:00-04:00,-2.391149233224496,-1.939339272838544
2022-04-07 10:30:00-04:00,-2.5264594880479763,-2.067229116717234
2022-04-07 11:30:00-04:00,-2.564022520072456,-2.1665877973882783
2022-04-07 12:30:00-04:00,-2.3867173417201,-2.2106137062546427
2022-04-07 13:30:00-04:00,-2.166357105743316,-2.201762386152377
2022-04-07 14:30:00-04:00,-1.804692077375193,-2.1223483243969405
2022-04-07 15:30:00-04:00,-1.5446460989837192,-2.0068078793142963
2022-04-08 09:30:00-04:00,-1.4262077978783054,-1.890687863027098
2022-04-08 10:30:00-04:00,-1.1663932119536184,-1.7458289328124024
2022-04-08 11:30:00-04:00,-0.8641858357278807,-1.569500313395498
